2026-05-27 18:52:29,776 [INFO] Settings loaded.
2026-05-27 18:52:30,285 [INFO] No device provided, using cpu
2026-05-27 18:52:30,491 [DEBUG] connect_tcp.started host='huggingface.co' port=443 local_address=None timeout=10 socket_options=None
2026-05-27 18:52:30,543 [DEBUG] connect_tcp.complete return_value=<httpcore._backends.sync.SyncStream object at 0x0000013F888C3C50>
2026-05-27 18:52:30,543 [DEBUG] start_tls.started ssl_context=<ssl.SSLContext object at 0x0000013F8878EE50> server_hostname='huggingface.co' timeout=10
2026-05-27 18:52:30,580 [DEBUG] start_tls.complete return_value=<httpcore._backends.sync.SyncStream object at 0x0000013F8890BCB0>
2026-05-27 18:52:30,580 [DEBUG] send_request_headers.started request=<Request [b'HEAD']>
2026-05-27 18:52:30,581 [DEBUG] send_request_headers.complete
2026-05-27 18:52:30,581 [DEBUG] send_request_body.started request=<Request [b'HEAD']>
2026-05-27 18:52:30,581 [DEBUG] send_request_body.complete
2026-05-27 18:52:30,581 [DEBUG] receive_response_headers.started request=<Request [b'HEAD']>
2026-05-27 18:52:30,713 [DEBUG] receive_response_headers.complete return_value=(b'HTTP/1.1', 307, b'Temporary Redirect', [(b'Content-Type', b'text/plain; charset=utf-8'), (b'Content-Length', b'282'), (b'Connection', b'keep-alive'), (b'Date', b'Wed, 27 May 2026 16:52:20 GMT'), (b'Location', b'/api/resolve-cache/models/sentence-transformers/all-MiniLM-L6-v2/c9745ed1d9f207416be6d2e6f8de32d1f16199bf/modules.json?%2Fsentence-transformers%2Fall-MiniLM-L6-v2%2Fresolve%2Fmain%2Fmodules.json=&etag=%22952a9b81c0bfd99800fabf352f69c7ccd46c5e43%22'), (b'X-Powered-By', b'huggingface-moon'), (b'X-Request-Id', b'Root=1-6a172144-605886ce43c38bff78f3620f;ba8a09d2-33d2-4388-acb9-1fa0b0723081'), (b'RateLimit', b'"resolvers";r=2999;t=16'), (b'RateLimit-Policy', b'"fixed window";"resolvers";q=3000;w=300'), (b'cross-origin-opener-policy', b'same-origin'), (b'Referrer-Policy', b'strict-origin-when-cross-origin'), (b'Access-Control-Max-Age', b'86400'), (b'Access-Control-Allow-Origin', b'https://huggingface.co'), (b'Vary', b'Origin, Accept'), (b'Access-Control-Expose-Headers', b'X-Repo-Commit,X-Request-Id,X-Error-Code,X-Error-Message,X-Total-Count,ETag,Link,Accept-Ranges,Content-Range,X-Linked-Size,X-Linked-ETag,X-Xet-Hash'), (b'X-Repo-Commit', b'c9745ed1d9f207416be6d2e6f8de32d1f16199bf'), (b'Accept-Ranges', b'bytes'), (b'X-Hub-Cache', b'HIT'), (b'Content-Disposition', b'inline; filename*=UTF-8\'\'modules.json; filename="modules.json";'), (b'Content-Security-Policy', b"default-src 'none'; sandbox"), (b'X-Linked-ETag', b'"952a9b81c0bfd99800fabf352f69c7ccd46c5e43"'), (b'X-Cache', b'Miss from cloudfront'), (b'Via', b'1.1 addf8e26116fb53ed08079d757b28bb0.cloudfront.net (CloudFront)'), (b'X-Amz-Cf-Pop', b'MXP63-P7'), (b'X-Amz-Cf-Id', b'ulIpcyqIGw8LfgPAOlqzzZ4nMtZTl1m1NOil8tfsFwDtenYHjJG7RQ==')])
2026-05-27 18:52:30,713 [INFO] HTTP Request: HEAD https://huggingface.co/sentence-transformers/all-MiniLM-L6-v2/resolve/main/modules.json "HTTP/1.1 307 Temporary Redirect"
2026-05-27 18:52:30,714 [DEBUG] receive_response_body.started request=<Request [b'HEAD']>
2026-05-27 18:52:30,714 [DEBUG] receive_response_body.complete
2026-05-27 18:52:30,714 [DEBUG] response_closed.started
2026-05-27 18:52:30,714 [DEBUG] response_closed.complete
2026-05-27 18:52:30,715 [DEBUG] send_request_headers.started request=<Request [b'HEAD']>
2026-05-27 18:52:30,715 [DEBUG] send_request_headers.complete
2026-05-27 18:52:30,715 [DEBUG] send_request_body.started request=<Request [b'HEAD']>
2026-05-27 18:52:30,715 [DEBUG] send_request_body.complete
2026-05-27 18:52:30,715 [DEBUG] receive_response_headers.started request=<Request [b'HEAD']>
2026-05-27 18:52:30,739 [DEBUG] receive_response_headers.complete return_value=(b'HTTP/1.1', 200, b'OK', [(b'Content-Type', b'text/plain; charset=utf-8'), (b'Content-Length', b'349'), (b'Connection', b'keep-alive'), (b'Date', b'Fri, 03 Apr 2026 10:23:17 GMT'), (b'ETag', b'"952a9b81c0bfd99800fabf352f69c7ccd46c5e43"'), (b'X-Powered-By', b'huggingface-moon'), (b'X-Request-Id', b'Root=1-69cf9514-610f1155553d28bd7d94d6a6;a86f62fc-60bc-4327-a466-e911907d94d7'), (b'RateLimit', b'"resolvers";r=2998;t=214'), (b'RateLimit-Policy', b'"fixed window";"resolvers";q=3000;w=300'), (b'cross-origin-opener-policy', b'same-origin'), (b'Referrer-Policy', b'strict-origin-when-cross-origin'), (b'Access-Control-Max-Age', b'86400'), (b'Access-Control-Allow-Origin', b'https://huggingface.co'), (b'Access-Control-Expose-Headers', b'X-Repo-Commit,X-Request-Id,X-Error-Code,X-Error-Message,X-Total-Count,ETag,Link,Accept-Ranges,Content-Range,X-Linked-Size,X-Linked-ETag,X-Xet-Hash'), (b'X-Repo-Commit', b'c9745ed1d9f207416be6d2e6f8de32d1f16199bf'), (b'Accept-Ranges', b'bytes'), (b'Content-Disposition', b'inline; filename*=UTF-8\'\'modules.json; filename="modules.json";'), (b'Content-Security-Policy', b"default-src 'none'; sandbox"), (b'Vary', b'Origin'), (b'X-Cache', b'Hit from cloudfront'), (b'Via', b'1.1 addf8e26116fb53ed08079d757b28bb0.cloudfront.net (CloudFront)'), (b'X-Amz-Cf-Pop', b'MXP63-P7'), (b'X-Amz-Cf-Id', b'-52QztpjXtJjXWBq2QjIpxEeCEQivsZvF-jbNqyA8sfGisgdYK_w5Q=='), (b'Age', b'4688943')])
2026-05-27 18:52:30,739 [INFO] HTTP Request: HEAD https://huggingface.co/api/resolve-cache/models/sentence-transformers/all-MiniLM-L6-v2/c9745ed1d9f207416be6d2e6f8de32d1f16199bf/modules.json "HTTP/1.1 200 OK"
2026-05-27 18:52:30,739 [DEBUG] receive_response_body.started request=<Request [b'HEAD']>
2026-05-27 18:52:30,740 [DEBUG] receive_response_body.complete
2026-05-27 18:52:30,740 [DEBUG] response_closed.started
2026-05-27 18:52:30,740 [DEBUG] response_closed.complete
2026-05-27 18:52:30,752 [DEBUG] send_request_headers.started request=<Request [b'HEAD']>
2026-05-27 18:52:30,752 [DEBUG] send_request_headers.complete
2026-05-27 18:52:30,752 [DEBUG] send_request_body.started request=<Request [b'HEAD']>
2026-05-27 18:52:30,752 [DEBUG] send_request_body.complete
2026-05-27 18:52:30,753 [DEBUG] receive_response_headers.started request=<Request [b'HEAD']>
2026-05-27 18:52:30,885 [DEBUG] receive_response_headers.complete return_value=(b'HTTP/1.1', 307, b'Temporary Redirect', [(b'Content-Type', b'text/plain; charset=utf-8'), (b'Content-Length', b'324'), (b'Connection', b'keep-alive'), (b'Date', b'Wed, 27 May 2026 16:52:20 GMT'), (b'Location', b'/api/resolve-cache/models/sentence-transformers/all-MiniLM-L6-v2/c9745ed1d9f207416be6d2e6f8de32d1f16199bf/config_sentence_transformers.json?%2Fsentence-transformers%2Fall-MiniLM-L6-v2%2Fresolve%2Fmain%2Fconfig_sentence_transformers.json=&etag=%22fd1b291129c607e5d49799f87cb219b27f98acdf%22'), (b'X-Powered-By', b'huggingface-moon'), (b'X-Request-Id', b'Root=1-6a172144-56045ce066fadbee620f5d1f;9101bdc4-3516-4747-a91a-44d6f71d5966'), (b'RateLimit', b'"resolvers";r=2998;t=16'), (b'RateLimit-Policy', b'"fixed window";"resolvers";q=3000;w=300'), (b'cross-origin-opener-policy', b'same-origin'), (b'Referrer-Policy', b'strict-origin-when-cross-origin'), (b'Access-Control-Max-Age', b'86400'), (b'Access-Control-Allow-Origin', b'https://huggingface.co'), (b'Vary', b'Origin, Accept'), (b'Access-Control-Expose-Headers', b'X-Repo-Commit,X-Request-Id,X-Error-Code,X-Error-Message,X-Total-Count,ETag,Link,Accept-Ranges,Content-Range,X-Linked-Size,X-Linked-ETag,X-Xet-Hash'), (b'X-Repo-Commit', b'c9745ed1d9f207416be6d2e6f8de32d1f16199bf'), (b'Accept-Ranges', b'bytes'), (b'X-Hub-Cache', b'HIT'), (b'Content-Disposition', b'inline; filename*=UTF-8\'\'config_sentence_transformers.json; filename="config_sentence_transformers.json";'), (b'Content-Security-Policy', b"default-src 'none'; sandbox"), (b'X-Linked-ETag', b'"fd1b291129c607e5d49799f87cb219b27f98acdf"'), (b'X-Cache', b'Miss from cloudfront'), (b'Via', b'1.1 addf8e26116fb53ed08079d757b28bb0.cloudfront.net (CloudFront)'), (b'X-Amz-Cf-Pop', b'MXP63-P7'), (b'X-Amz-Cf-Id', b'HhksNnHCNjR4NhiToM7BlYUlYmX-LRmogAJsraD6TFp7HUPrNLMDhQ==')])
2026-05-27 18:52:30,886 [INFO] HTTP Request: HEAD https://huggingface.co/sentence-transformers/all-MiniLM-L6-v2/resolve/main/config_sentence_transformers.json "HTTP/1.1 307 Temporary Redirect"
2026-05-27 18:52:30,886 [DEBUG] receive_response_body.started request=<Request [b'HEAD']>
2026-05-27 18:52:30,886 [DEBUG] receive_response_body.complete
2026-05-27 18:52:30,886 [DEBUG] response_closed.started
2026-05-27 18:52:30,886 [DEBUG] response_closed.complete
2026-05-27 18:52:30,887 [DEBUG] send_request_headers.started request=<Request [b'HEAD']>
2026-05-27 18:52:30,887 [DEBUG] send_request_headers.complete
2026-05-27 18:52:30,887 [DEBUG] send_request_body.started request=<Request [b'HEAD']>
2026-05-27 18:52:30,887 [DEBUG] send_request_body.complete
2026-05-27 18:52:30,887 [DEBUG] receive_response_headers.started request=<Request [b'HEAD']>
2026-05-27 18:52:30,911 [DEBUG] receive_response_headers.complete return_value=(b'HTTP/1.1', 200, b'OK', [(b'Content-Type', b'text/plain; charset=utf-8'), (b'Content-Length', b'116'), (b'Connection', b'keep-alive'), (b'Date', b'Sun, 19 Apr 2026 09:42:29 GMT'), (b'ETag', b'"fd1b291129c607e5d49799f87cb219b27f98acdf"'), (b'X-Powered-By', b'huggingface-moon'), (b'X-Request-Id', b'Root=1-69e4a385-571185327ad552625fdd1b07'), (b'RateLimit', b'"resolvers";r=2999;t=184'), (b'RateLimit-Policy', b'"fixed window";"resolvers";q=3000;w=300'), (b'cross-origin-opener-policy', b'same-origin'), (b'Referrer-Policy', b'strict-origin-when-cross-origin'), (b'Access-Control-Max-Age', b'86400'), (b'Access-Control-Allow-Origin', b'https://huggingface.co'), (b'Access-Control-Expose-Headers', b'X-Repo-Commit,X-Request-Id,X-Error-Code,X-Error-Message,X-Total-Count,ETag,Link,Accept-Ranges,Content-Range,X-Linked-Size,X-Linked-ETag,X-Xet-Hash'), (b'X-Repo-Commit', b'c9745ed1d9f207416be6d2e6f8de32d1f16199bf'), (b'Accept-Ranges', b'bytes'), (b'Content-Disposition', b'inline; filename*=UTF-8\'\'config_sentence_transformers.json; filename="config_sentence_transformers.json";'), (b'Content-Security-Policy', b"default-src 'none'; sandbox"), (b'Vary', b'Origin'), (b'X-Cache', b'Hit from cloudfront'), (b'Via', b'1.1 addf8e26116fb53ed08079d757b28bb0.cloudfront.net (CloudFront)'), (b'X-Amz-Cf-Pop', b'MXP63-P7'), (b'X-Amz-Cf-Id', b'sHGweZc5dfR48FEQcEnkmnQ9EYSTjXRyWyCOLZecU399s0rH5rXX2w=='), (b'Age', b'3308991')])
2026-05-27 18:52:30,912 [INFO] HTTP Request: HEAD https://huggingface.co/api/resolve-cache/models/sentence-transformers/all-MiniLM-L6-v2/c9745ed1d9f207416be6d2e6f8de32d1f16199bf/config_sentence_transformers.json "HTTP/1.1 200 OK"
2026-05-27 18:52:30,912 [DEBUG] receive_response_body.started request=<Request [b'HEAD']>
2026-05-27 18:52:30,912 [DEBUG] receive_response_body.complete
2026-05-27 18:52:30,912 [DEBUG] response_closed.started
2026-05-27 18:52:30,912 [DEBUG] response_closed.complete
2026-05-27 18:52:30,918 [INFO] Loading SentenceTransformer model from sentence-transformers/all-MiniLM-L6-v2.
2026-05-27 18:52:30,919 [DEBUG] send_request_headers.started request=<Request [b'HEAD']>
2026-05-27 18:52:30,919 [DEBUG] send_request_headers.complete
2026-05-27 18:52:30,919 [DEBUG] send_request_body.started request=<Request [b'HEAD']>
2026-05-27 18:52:30,920 [DEBUG] send_request_body.complete
2026-05-27 18:52:30,920 [DEBUG] receive_response_headers.started request=<Request [b'HEAD']>
2026-05-27 18:52:31,056 [DEBUG] receive_response_headers.complete return_value=(b'HTTP/1.1', 307, b'Temporary Redirect', [(b'Content-Type', b'text/plain; charset=utf-8'), (b'Content-Length', b'324'), (b'Connection', b'keep-alive'), (b'Date', b'Wed, 27 May 2026 16:52:20 GMT'), (b'Location', b'/api/resolve-cache/models/sentence-transformers/all-MiniLM-L6-v2/c9745ed1d9f207416be6d2e6f8de32d1f16199bf/config_sentence_transformers.json?%2Fsentence-transformers%2Fall-MiniLM-L6-v2%2Fresolve%2Fmain%2Fconfig_sentence_transformers.json=&etag=%22fd1b291129c607e5d49799f87cb219b27f98acdf%22'), (b'X-Powered-By', b'huggingface-moon'), (b'X-Request-Id', b'Root=1-6a172144-2f3ad61c0429578327f3131d;85148d6d-478d-4993-bc66-70c710d55df9'), (b'RateLimit', b'"resolvers";r=2997;t=16'), (b'RateLimit-Policy', b'"fixed window";"resolvers";q=3000;w=300'), (b'cross-origin-opener-policy', b'same-origin'), (b'Referrer-Policy', b'strict-origin-when-cross-origin'), (b'Access-Control-Max-Age', b'86400'), (b'Access-Control-Allow-Origin', b'https://huggingface.co'), (b'Vary', b'Origin, Accept'), (b'Access-Control-Expose-Headers', b'X-Repo-Commit,X-Request-Id,X-Error-Code,X-Error-Message,X-Total-Count,ETag,Link,Accept-Ranges,Content-Range,X-Linked-Size,X-Linked-ETag,X-Xet-Hash'), (b'X-Repo-Commit', b'c9745ed1d9f207416be6d2e6f8de32d1f16199bf'), (b'Accept-Ranges', b'bytes'), (b'X-HF-Warning', b'unauthenticated; Warning: You are sending unauthenticated requests to the HF Hub. Please set a HF_TOKEN to enable higher rate limits and faster downloads.'), (b'X-Hub-Cache', b'HIT'), (b'Content-Disposition', b'inline; filename*=UTF-8\'\'config_sentence_transformers.json; filename="config_sentence_transformers.json";'), (b'Content-Security-Policy', b"default-src 'none'; sandbox"), (b'X-Linked-ETag', b'"fd1b291129c607e5d49799f87cb219b27f98acdf"'), (b'X-Cache', b'Miss from cloudfront'), (b'Via', b'1.1 addf8e26116fb53ed08079d757b28bb0.cloudfront.net (CloudFront)'), (b'X-Amz-Cf-Pop', b'MXP63-P7'), (b'X-Amz-Cf-Id', b'HVQQHOBiKz1__ybjnMfLqA0ToiFPqGcLcfnGwbzXq97zauklDLbAEQ==')])
2026-05-27 18:52:31,057 [INFO] HTTP Request: HEAD https://huggingface.co/sentence-transformers/all-MiniLM-L6-v2/resolve/main/config_sentence_transformers.json "HTTP/1.1 307 Temporary Redirect"
2026-05-27 18:52:31,057 [DEBUG] receive_response_body.started request=<Request [b'HEAD']>
2026-05-27 18:52:31,057 [DEBUG] receive_response_body.complete
2026-05-27 18:52:31,057 [DEBUG] response_closed.started
2026-05-27 18:52:31,057 [DEBUG] response_closed.complete
2026-05-27 18:52:31,058 [WARNING] Warning: You are sending unauthenticated requests to the HF Hub. Please set a HF_TOKEN to enable higher rate limits and faster downloads.
2026-05-27 18:52:31,059 [DEBUG] send_request_headers.started request=<Request [b'HEAD']>
2026-05-27 18:52:31,060 [DEBUG] send_request_headers.complete
2026-05-27 18:52:31,060 [DEBUG] send_request_body.started request=<Request [b'HEAD']>
2026-05-27 18:52:31,060 [DEBUG] send_request_body.complete
2026-05-27 18:52:31,063 [DEBUG] receive_response_headers.started request=<Request [b'HEAD']>
2026-05-27 18:52:31,087 [DEBUG] receive_response_headers.complete return_value=(b'HTTP/1.1', 200, b'OK', [(b'Content-Type', b'text/plain; charset=utf-8'), (b'Content-Length', b'116'), (b'Connection', b'keep-alive'), (b'Date', b'Sun, 19 Apr 2026 09:42:29 GMT'), (b'ETag', b'"fd1b291129c607e5d49799f87cb219b27f98acdf"'), (b'X-Powered-By', b'huggingface-moon'), (b'X-Request-Id', b'Root=1-69e4a385-571185327ad552625fdd1b07'), (b'RateLimit', b'"resolvers";r=2999;t=184'), (b'RateLimit-Policy', b'"fixed window";"resolvers";q=3000;w=300'), (b'cross-origin-opener-policy', b'same-origin'), (b'Referrer-Policy', b'strict-origin-when-cross-origin'), (b'Access-Control-Max-Age', b'86400'), (b'Access-Control-Allow-Origin', b'https://huggingface.co'), (b'Access-Control-Expose-Headers', b'X-Repo-Commit,X-Request-Id,X-Error-Code,X-Error-Message,X-Total-Count,ETag,Link,Accept-Ranges,Content-Range,X-Linked-Size,X-Linked-ETag,X-Xet-Hash'), (b'X-Repo-Commit', b'c9745ed1d9f207416be6d2e6f8de32d1f16199bf'), (b'Accept-Ranges', b'bytes'), (b'Content-Disposition', b'inline; filename*=UTF-8\'\'config_sentence_transformers.json; filename="config_sentence_transformers.json";'), (b'Content-Security-Policy', b"default-src 'none'; sandbox"), (b'Vary', b'Origin'), (b'X-Cache', b'Hit from cloudfront'), (b'Via', b'1.1 addf8e26116fb53ed08079d757b28bb0.cloudfront.net (CloudFront)'), (b'X-Amz-Cf-Pop', b'MXP63-P7'), (b'X-Amz-Cf-Id', b'jbwzsXpBh8jCpVEx0mZr-KeYCTAEDKJR6p20s9OzrnD4BEGV_6g_zA=='), (b'Age', b'3308991')])
2026-05-27 18:52:31,088 [INFO] HTTP Request: HEAD https://huggingface.co/api/resolve-cache/models/sentence-transformers/all-MiniLM-L6-v2/c9745ed1d9f207416be6d2e6f8de32d1f16199bf/config_sentence_transformers.json "HTTP/1.1 200 OK"
2026-05-27 18:52:31,088 [DEBUG] receive_response_body.started request=<Request [b'HEAD']>
2026-05-27 18:52:31,088 [DEBUG] receive_response_body.complete
2026-05-27 18:52:31,088 [DEBUG] response_closed.started
2026-05-27 18:52:31,088 [DEBUG] response_closed.complete
2026-05-27 18:52:31,090 [DEBUG] send_request_headers.started request=<Request [b'HEAD']>
2026-05-27 18:52:31,091 [DEBUG] send_request_headers.complete
2026-05-27 18:52:31,091 [DEBUG] send_request_body.started request=<Request [b'HEAD']>
2026-05-27 18:52:31,091 [DEBUG] send_request_body.complete
2026-05-27 18:52:31,091 [DEBUG] receive_response_headers.started request=<Request [b'HEAD']>
2026-05-27 18:52:31,234 [DEBUG] receive_response_headers.complete return_value=(b'HTTP/1.1', 307, b'Temporary Redirect', [(b'Content-Type', b'text/plain; charset=utf-8'), (b'Content-Length', b'276'), (b'Connection', b'keep-alive'), (b'Date', b'Wed, 27 May 2026 16:52:20 GMT'), (b'Location', b'/api/resolve-cache/models/sentence-transformers/all-MiniLM-L6-v2/c9745ed1d9f207416be6d2e6f8de32d1f16199bf/README.md?%2Fsentence-transformers%2Fall-MiniLM-L6-v2%2Fresolve%2Fmain%2FREADME.md=&etag=%2258d4a9a45664eb9e12de9549c548c09b6134c17f%22'), (b'X-Powered-By', b'huggingface-moon'), (b'X-Request-Id', b'Root=1-6a172144-745639212a1c5dcc4084fe29;09a063f1-97d2-4ad8-a84d-97994f6384b7'), (b'RateLimit', b'"resolvers";r=2996;t=16'), (b'RateLimit-Policy', b'"fixed window";"resolvers";q=3000;w=300'), (b'cross-origin-opener-policy', b'same-origin'), (b'Referrer-Policy', b'strict-origin-when-cross-origin'), (b'Access-Control-Max-Age', b'86400'), (b'Access-Control-Allow-Origin', b'https://huggingface.co'), (b'Vary', b'Origin, Accept'), (b'Access-Control-Expose-Headers', b'X-Repo-Commit,X-Request-Id,X-Error-Code,X-Error-Message,X-Total-Count,ETag,Link,Accept-Ranges,Content-Range,X-Linked-Size,X-Linked-ETag,X-Xet-Hash'), (b'X-Repo-Commit', b'c9745ed1d9f207416be6d2e6f8de32d1f16199bf'), (b'Accept-Ranges', b'bytes'), (b'X-Hub-Cache', b'HIT'), (b'Content-Disposition', b'inline; filename*=UTF-8\'\'README.md; filename="README.md";'), (b'Content-Security-Policy', b"default-src 'none'; sandbox"), (b'X-Linked-ETag', b'"58d4a9a45664eb9e12de9549c548c09b6134c17f"'), (b'X-Cache', b'Miss from cloudfront'), (b'Via', b'1.1 addf8e26116fb53ed08079d757b28bb0.cloudfront.net (CloudFront)'), (b'X-Amz-Cf-Pop', b'MXP63-P7'), (b'X-Amz-Cf-Id', b'2Ogfg5Px6SfgOV3ekuU_lZVsGxa7TMJjmiaIdf3IVObrYNR83cUWLg==')])
2026-05-27 18:52:31,234 [INFO] HTTP Request: HEAD https://huggingface.co/sentence-transformers/all-MiniLM-L6-v2/resolve/main/README.md "HTTP/1.1 307 Temporary Redirect"
2026-05-27 18:52:31,235 [DEBUG] receive_response_body.started request=<Request [b'HEAD']>
2026-05-27 18:52:31,235 [DEBUG] receive_response_body.complete
2026-05-27 18:52:31,235 [DEBUG] response_closed.started
2026-05-27 18:52:31,235 [DEBUG] response_closed.complete
2026-05-27 18:52:31,236 [DEBUG] send_request_headers.started request=<Request [b'HEAD']>
2026-05-27 18:52:31,236 [DEBUG] send_request_headers.complete
2026-05-27 18:52:31,236 [DEBUG] send_request_body.started request=<Request [b'HEAD']>
2026-05-27 18:52:31,236 [DEBUG] send_request_body.complete
2026-05-27 18:52:31,237 [DEBUG] receive_response_headers.started request=<Request [b'HEAD']>
2026-05-27 18:52:31,263 [DEBUG] receive_response_headers.complete return_value=(b'HTTP/1.1', 200, b'OK', [(b'Content-Type', b'text/plain; charset=utf-8'), (b'Content-Length', b'10454'), (b'Connection', b'keep-alive'), (b'Date', b'Fri, 03 Apr 2026 10:23:17 GMT'), (b'ETag', b'"58d4a9a45664eb9e12de9549c548c09b6134c17f"'), (b'X-Powered-By', b'huggingface-moon'), (b'X-Request-Id', b'Root=1-69cf9515-19d8cc5501d13b04425e611c;56a27008-6d70-4096-9473-d0b197cff8cd'), (b'RateLimit', b'"resolvers";r=2994;t=213'), (b'RateLimit-Policy', b'"fixed window";"resolvers";q=3000;w=300'), (b'cross-origin-opener-policy', b'same-origin'), (b'Referrer-Policy', b'strict-origin-when-cross-origin'), (b'Access-Control-Max-Age', b'86400'), (b'Access-Control-Allow-Origin', b'https://huggingface.co'), (b'Access-Control-Expose-Headers', b'X-Repo-Commit,X-Request-Id,X-Error-Code,X-Error-Message,X-Total-Count,ETag,Link,Accept-Ranges,Content-Range,X-Linked-Size,X-Linked-ETag,X-Xet-Hash'), (b'X-Repo-Commit', b'c9745ed1d9f207416be6d2e6f8de32d1f16199bf'), (b'Accept-Ranges', b'bytes'), (b'Content-Disposition', b'inline; filename*=UTF-8\'\'README.md; filename="README.md";'), (b'Content-Security-Policy', b"default-src 'none'; sandbox"), (b'Vary', b'Origin'), (b'X-Cache', b'Hit from cloudfront'), (b'Via', b'1.1 addf8e26116fb53ed08079d757b28bb0.cloudfront.net (CloudFront)'), (b'X-Amz-Cf-Pop', b'MXP63-P7'), (b'X-Amz-Cf-Id', b'JwkUyzPClPiXD5KlA7HjQ1cPo9TB6L3aw3NXyQwBqAanVhebh9fWDg=='), (b'Age', b'4688943')])
2026-05-27 18:52:31,263 [INFO] HTTP Request: HEAD https://huggingface.co/api/resolve-cache/models/sentence-transformers/all-MiniLM-L6-v2/c9745ed1d9f207416be6d2e6f8de32d1f16199bf/README.md "HTTP/1.1 200 OK"
2026-05-27 18:52:31,264 [DEBUG] receive_response_body.started request=<Request [b'HEAD']>
2026-05-27 18:52:31,264 [DEBUG] receive_response_body.complete
2026-05-27 18:52:31,264 [DEBUG] response_closed.started
2026-05-27 18:52:31,264 [DEBUG] response_closed.complete
2026-05-27 18:52:31,279 [DEBUG] send_request_headers.started request=<Request [b'HEAD']>
2026-05-27 18:52:31,279 [DEBUG] send_request_headers.complete
2026-05-27 18:52:31,279 [DEBUG] send_request_body.started request=<Request [b'HEAD']>
2026-05-27 18:52:31,280 [DEBUG] send_request_body.complete
2026-05-27 18:52:31,280 [DEBUG] receive_response_headers.started request=<Request [b'HEAD']>
2026-05-27 18:52:31,419 [DEBUG] receive_response_headers.complete return_value=(b'HTTP/1.1', 307, b'Temporary Redirect', [(b'Content-Type', b'text/plain; charset=utf-8'), (b'Content-Length', b'282'), (b'Connection', b'keep-alive'), (b'Date', b'Wed, 27 May 2026 16:52:20 GMT'), (b'Location', b'/api/resolve-cache/models/sentence-transformers/all-MiniLM-L6-v2/c9745ed1d9f207416be6d2e6f8de32d1f16199bf/modules.json?%2Fsentence-transformers%2Fall-MiniLM-L6-v2%2Fresolve%2Fmain%2Fmodules.json=&etag=%22952a9b81c0bfd99800fabf352f69c7ccd46c5e43%22'), (b'X-Powered-By', b'huggingface-moon'), (b'X-Request-Id', b'Root=1-6a172144-2b27d8787eb8fd1979290df8;52b5b254-e84c-4a48-a117-b8d47c810c02'), (b'RateLimit', b'"resolvers";r=2995;t=16'), (b'RateLimit-Policy', b'"fixed window";"resolvers";q=3000;w=300'), (b'cross-origin-opener-policy', b'same-origin'), (b'Referrer-Policy', b'strict-origin-when-cross-origin'), (b'Access-Control-Max-Age', b'86400'), (b'Access-Control-Allow-Origin', b'https://huggingface.co'), (b'Vary', b'Origin, Accept'), (b'Access-Control-Expose-Headers', b'X-Repo-Commit,X-Request-Id,X-Error-Code,X-Error-Message,X-Total-Count,ETag,Link,Accept-Ranges,Content-Range,X-Linked-Size,X-Linked-ETag,X-Xet-Hash'), (b'X-Repo-Commit', b'c9745ed1d9f207416be6d2e6f8de32d1f16199bf'), (b'Accept-Ranges', b'bytes'), (b'X-Hub-Cache', b'HIT'), (b'Content-Disposition', b'inline; filename*=UTF-8\'\'modules.json; filename="modules.json";'), (b'Content-Security-Policy', b"default-src 'none'; sandbox"), (b'X-Linked-ETag', b'"952a9b81c0bfd99800fabf352f69c7ccd46c5e43"'), (b'X-Cache', b'Miss from cloudfront'), (b'Via', b'1.1 addf8e26116fb53ed08079d757b28bb0.cloudfront.net (CloudFront)'), (b'X-Amz-Cf-Pop', b'MXP63-P7'), (b'X-Amz-Cf-Id', b'kBQcG3zzrLs_YXd0IoXgarrF_lofjn92_WFc_jicXKdqjrcUqQyyUQ==')])
2026-05-27 18:52:31,419 [INFO] HTTP Request: HEAD https://huggingface.co/sentence-transformers/all-MiniLM-L6-v2/resolve/main/modules.json "HTTP/1.1 307 Temporary Redirect"
2026-05-27 18:52:31,420 [DEBUG] receive_response_body.started request=<Request [b'HEAD']>
2026-05-27 18:52:31,420 [DEBUG] receive_response_body.complete
2026-05-27 18:52:31,420 [DEBUG] response_closed.started
2026-05-27 18:52:31,420 [DEBUG] response_closed.complete
2026-05-27 18:52:31,421 [DEBUG] send_request_headers.started request=<Request [b'HEAD']>
2026-05-27 18:52:31,421 [DEBUG] send_request_headers.complete
2026-05-27 18:52:31,421 [DEBUG] send_request_body.started request=<Request [b'HEAD']>
2026-05-27 18:52:31,421 [DEBUG] send_request_body.complete
2026-05-27 18:52:31,421 [DEBUG] receive_response_headers.started request=<Request [b'HEAD']>
2026-05-27 18:52:31,446 [DEBUG] receive_response_headers.complete return_value=(b'HTTP/1.1', 200, b'OK', [(b'Content-Type', b'text/plain; charset=utf-8'), (b'Content-Length', b'349'), (b'Connection', b'keep-alive'), (b'Date', b'Fri, 03 Apr 2026 10:23:17 GMT'), (b'ETag', b'"952a9b81c0bfd99800fabf352f69c7ccd46c5e43"'), (b'X-Powered-By', b'huggingface-moon'), (b'X-Request-Id', b'Root=1-69cf9514-610f1155553d28bd7d94d6a6;a86f62fc-60bc-4327-a466-e911907d94d7'), (b'RateLimit', b'"resolvers";r=2998;t=214'), (b'RateLimit-Policy', b'"fixed window";"resolvers";q=3000;w=300'), (b'cross-origin-opener-policy', b'same-origin'), (b'Referrer-Policy', b'strict-origin-when-cross-origin'), (b'Access-Control-Max-Age', b'86400'), (b'Access-Control-Allow-Origin', b'https://huggingface.co'), (b'Access-Control-Expose-Headers', b'X-Repo-Commit,X-Request-Id,X-Error-Code,X-Error-Message,X-Total-Count,ETag,Link,Accept-Ranges,Content-Range,X-Linked-Size,X-Linked-ETag,X-Xet-Hash'), (b'X-Repo-Commit', b'c9745ed1d9f207416be6d2e6f8de32d1f16199bf'), (b'Accept-Ranges', b'bytes'), (b'Content-Disposition', b'inline; filename*=UTF-8\'\'modules.json; filename="modules.json";'), (b'Content-Security-Policy', b"default-src 'none'; sandbox"), (b'Vary', b'Origin'), (b'X-Cache', b'Hit from cloudfront'), (b'Via', b'1.1 addf8e26116fb53ed08079d757b28bb0.cloudfront.net (CloudFront)'), (b'X-Amz-Cf-Pop', b'MXP63-P7'), (b'X-Amz-Cf-Id', b'ayUJvwiqLyIxPk9ZhLExIflbDWyleMjEtNo4sBSGKszxe35xRae37Q=='), (b'Age', b'4688944')])
2026-05-27 18:52:31,446 [INFO] HTTP Request: HEAD https://huggingface.co/api/resolve-cache/models/sentence-transformers/all-MiniLM-L6-v2/c9745ed1d9f207416be6d2e6f8de32d1f16199bf/modules.json "HTTP/1.1 200 OK"
2026-05-27 18:52:31,446 [DEBUG] receive_response_body.started request=<Request [b'HEAD']>
2026-05-27 18:52:31,446 [DEBUG] receive_response_body.complete
2026-05-27 18:52:31,446 [DEBUG] response_closed.started
2026-05-27 18:52:31,447 [DEBUG] response_closed.complete
2026-05-27 18:52:31,454 [DEBUG] send_request_headers.started request=<Request [b'HEAD']>
2026-05-27 18:52:31,456 [DEBUG] send_request_headers.complete
2026-05-27 18:52:31,456 [DEBUG] send_request_body.started request=<Request [b'HEAD']>
2026-05-27 18:52:31,456 [DEBUG] send_request_body.complete
2026-05-27 18:52:31,457 [DEBUG] receive_response_headers.started request=<Request [b'HEAD']>
2026-05-27 18:52:31,589 [DEBUG] receive_response_headers.complete return_value=(b'HTTP/1.1', 307, b'Temporary Redirect', [(b'Content-Type', b'text/plain; charset=utf-8'), (b'Content-Length', b'308'), (b'Connection', b'keep-alive'), (b'Date', b'Wed, 27 May 2026 16:52:21 GMT'), (b'Location', b'/api/resolve-cache/models/sentence-transformers/all-MiniLM-L6-v2/c9745ed1d9f207416be6d2e6f8de32d1f16199bf/sentence_bert_config.json?%2Fsentence-transformers%2Fall-MiniLM-L6-v2%2Fresolve%2Fmain%2Fsentence_bert_config.json=&etag=%2259d594003bf59880a884c574bf88ef7555bb0202%22'), (b'X-Powered-By', b'huggingface-moon'), (b'X-Request-Id', b'Root=1-6a172145-0a8163001b3eded2050853da;db0d8aa3-800b-40e9-b853-dc9256ffe87e'), (b'RateLimit', b'"resolvers";r=2994;t=15'), (b'RateLimit-Policy', b'"fixed window";"resolvers";q=3000;w=300'), (b'cross-origin-opener-policy', b'same-origin'), (b'Referrer-Policy', b'strict-origin-when-cross-origin'), (b'Access-Control-Max-Age', b'86400'), (b'Access-Control-Allow-Origin', b'https://huggingface.co'), (b'Vary', b'Origin, Accept'), (b'Access-Control-Expose-Headers', b'X-Repo-Commit,X-Request-Id,X-Error-Code,X-Error-Message,X-Total-Count,ETag,Link,Accept-Ranges,Content-Range,X-Linked-Size,X-Linked-ETag,X-Xet-Hash'), (b'X-Repo-Commit', b'c9745ed1d9f207416be6d2e6f8de32d1f16199bf'), (b'Accept-Ranges', b'bytes'), (b'X-Hub-Cache', b'HIT'), (b'Content-Disposition', b'inline; filename*=UTF-8\'\'sentence_bert_config.json; filename="sentence_bert_config.json";'), (b'Content-Security-Policy', b"default-src 'none'; sandbox"), (b'X-Linked-ETag', b'"59d594003bf59880a884c574bf88ef7555bb0202"'), (b'X-Cache', b'Miss from cloudfront'), (b'Via', b'1.1 addf8e26116fb53ed08079d757b28bb0.cloudfront.net (CloudFront)'), (b'X-Amz-Cf-Pop', b'MXP63-P7'), (b'X-Amz-Cf-Id', b'l2gRx3Slna6wtAHWzQnRq1uT-o7RdZp9jLI133FExp5LZ_rV9rg4vQ==')])
2026-05-27 18:52:31,590 [INFO] HTTP Request: HEAD https://huggingface.co/sentence-transformers/all-MiniLM-L6-v2/resolve/main/sentence_bert_config.json "HTTP/1.1 307 Temporary Redirect"
2026-05-27 18:52:31,590 [DEBUG] receive_response_body.started request=<Request [b'HEAD']>
2026-05-27 18:52:31,590 [DEBUG] receive_response_body.complete
2026-05-27 18:52:31,590 [DEBUG] response_closed.started
2026-05-27 18:52:31,590 [DEBUG] response_closed.complete
2026-05-27 18:52:31,591 [DEBUG] send_request_headers.started request=<Request [b'HEAD']>
2026-05-27 18:52:31,591 [DEBUG] send_request_headers.complete
2026-05-27 18:52:31,591 [DEBUG] send_request_body.started request=<Request [b'HEAD']>
2026-05-27 18:52:31,591 [DEBUG] send_request_body.complete
2026-05-27 18:52:31,591 [DEBUG] receive_response_headers.started request=<Request [b'HEAD']>
2026-05-27 18:52:31,615 [DEBUG] receive_response_headers.complete return_value=(b'HTTP/1.1', 200, b'OK', [(b'Content-Type', b'text/plain; charset=utf-8'), (b'Content-Length', b'53'), (b'Connection', b'keep-alive'), (b'Date', b'Sun, 05 Apr 2026 11:58:03 GMT'), (b'ETag', b'"59d594003bf59880a884c574bf88ef7555bb0202"'), (b'X-Powered-By', b'huggingface-moon'), (b'X-Request-Id', b'Root=1-69d24e4b-202d03a808f989880f1ddf5e'), (b'RateLimit', b'"resolvers";r=2994;t=193'), (b'RateLimit-Policy', b'"fixed window";"resolvers";q=3000;w=300'), (b'cross-origin-opener-policy', b'same-origin'), (b'Referrer-Policy', b'strict-origin-when-cross-origin'), (b'Access-Control-Max-Age', b'86400'), (b'Access-Control-Allow-Origin', b'https://huggingface.co'), (b'Access-Control-Expose-Headers', b'X-Repo-Commit,X-Request-Id,X-Error-Code,X-Error-Message,X-Total-Count,ETag,Link,Accept-Ranges,Content-Range,X-Linked-Size,X-Linked-ETag,X-Xet-Hash'), (b'X-Repo-Commit', b'c9745ed1d9f207416be6d2e6f8de32d1f16199bf'), (b'Accept-Ranges', b'bytes'), (b'Content-Disposition', b'inline; filename*=UTF-8\'\'sentence_bert_config.json; filename="sentence_bert_config.json";'), (b'Content-Security-Policy', b"default-src 'none'; sandbox"), (b'Vary', b'Origin'), (b'X-Cache', b'Hit from cloudfront'), (b'Via', b'1.1 addf8e26116fb53ed08079d757b28bb0.cloudfront.net (CloudFront)'), (b'X-Amz-Cf-Pop', b'MXP63-P7'), (b'X-Amz-Cf-Id', b'Sw1JATBVsrIq6XT3IqQIoV3kxJuLiUkQCx-bPQ9UbkEfgDdcD_xYyw=='), (b'Age', b'4510458')])
2026-05-27 18:52:31,615 [INFO] HTTP Request: HEAD https://huggingface.co/api/resolve-cache/models/sentence-transformers/all-MiniLM-L6-v2/c9745ed1d9f207416be6d2e6f8de32d1f16199bf/sentence_bert_config.json "HTTP/1.1 200 OK"
2026-05-27 18:52:31,615 [DEBUG] receive_response_body.started request=<Request [b'HEAD']>
2026-05-27 18:52:31,615 [DEBUG] receive_response_body.complete
2026-05-27 18:52:31,615 [DEBUG] response_closed.started
2026-05-27 18:52:31,615 [DEBUG] response_closed.complete
2026-05-27 18:52:31,624 [DEBUG] send_request_headers.started request=<Request [b'HEAD']>
2026-05-27 18:52:31,625 [DEBUG] send_request_headers.complete
2026-05-27 18:52:31,625 [DEBUG] send_request_body.started request=<Request [b'HEAD']>
2026-05-27 18:52:31,625 [DEBUG] send_request_body.complete
2026-05-27 18:52:31,625 [DEBUG] receive_response_headers.started request=<Request [b'HEAD']>
2026-05-27 18:52:31,762 [DEBUG] receive_response_headers.complete return_value=(b'HTTP/1.1', 404, b'Not Found', [(b'Content-Type', b'text/plain; charset=utf-8'), (b'Content-Length', b'15'), (b'Connection', b'keep-alive'), (b'Date', b'Wed, 27 May 2026 16:52:21 GMT'), (b'ETag', b'W/"f-mY2VvLxuxB7KhsoOdQTlMTccuAQ"'), (b'X-Powered-By', b'huggingface-moon'), (b'X-Request-Id', b'Root=1-6a172145-3e486cf51110e34d568a1858;a5b9f946-cf2b-43e3-bf82-bec3f40ad74d'), (b'RateLimit', b'"resolvers";r=2993;t=15'), (b'RateLimit-Policy', b'"fixed window";"resolvers";q=3000;w=300'), (b'cross-origin-opener-policy', b'same-origin'), (b'Referrer-Policy', b'strict-origin-when-cross-origin'), (b'Access-Control-Max-Age', b'86400'), (b'Access-Control-Allow-Origin', b'https://huggingface.co'), (b'Vary', b'Origin'), (b'Access-Control-Expose-Headers', b'X-Repo-Commit,X-Request-Id,X-Error-Code,X-Error-Message,X-Total-Count,ETag,Link,Accept-Ranges,Content-Range,X-Linked-Size,X-Linked-ETag,X-Xet-Hash'), (b'X-Repo-Commit', b'c9745ed1d9f207416be6d2e6f8de32d1f16199bf'), (b'Accept-Ranges', b'bytes'), (b'X-Hub-Cache', b'MISS'), (b'X-Error-Code', b'EntryNotFound'), (b'X-Error-Message', b'Entry not found'), (b'X-Cache', b'Error from cloudfront'), (b'Via', b'1.1 addf8e26116fb53ed08079d757b28bb0.cloudfront.net (CloudFront)'), (b'X-Amz-Cf-Pop', b'MXP63-P7'), (b'X-Amz-Cf-Id', b'6_X8eWoGZDl1c90JiaI-atrufwfgk7f0DJq4LCfJxowyCAvqYG-U-A==')])
2026-05-27 18:52:31,763 [INFO] HTTP Request: HEAD https://huggingface.co/sentence-transformers/all-MiniLM-L6-v2/resolve/main/adapter_config.json "HTTP/1.1 404 Not Found"
2026-05-27 18:52:31,763 [DEBUG] receive_response_body.started request=<Request [b'HEAD']>
2026-05-27 18:52:31,763 [DEBUG] receive_response_body.complete
2026-05-27 18:52:31,764 [DEBUG] response_closed.started
2026-05-27 18:52:31,764 [DEBUG] response_closed.complete
2026-05-27 18:52:31,767 [DEBUG] send_request_headers.started request=<Request [b'HEAD']>
2026-05-27 18:52:31,773 [DEBUG] send_request_headers.complete
2026-05-27 18:52:31,774 [DEBUG] send_request_body.started request=<Request [b'HEAD']>
2026-05-27 18:52:31,774 [DEBUG] send_request_body.complete
2026-05-27 18:52:31,774 [DEBUG] receive_response_headers.started request=<Request [b'HEAD']>
2026-05-27 18:52:31,907 [DEBUG] receive_response_headers.complete return_value=(b'HTTP/1.1', 307, b'Temporary Redirect', [(b'Content-Type', b'text/plain; charset=utf-8'), (b'Content-Length', b'280'), (b'Connection', b'keep-alive'), (b'Date', b'Wed, 27 May 2026 16:52:21 GMT'), (b'Location', b'/api/resolve-cache/models/sentence-transformers/all-MiniLM-L6-v2/c9745ed1d9f207416be6d2e6f8de32d1f16199bf/config.json?%2Fsentence-transformers%2Fall-MiniLM-L6-v2%2Fresolve%2Fmain%2Fconfig.json=&etag=%2272b987fd805cfa2b58c4c8c952b274a11bfd5a00%22'), (b'X-Powered-By', b'huggingface-moon'), (b'X-Request-Id', b'Root=1-6a172145-27b0d5f81c463361521df9bd;a10bc019-651c-4c77-91c5-e6dadd09a2da'), (b'RateLimit', b'"resolvers";r=2992;t=15'), (b'RateLimit-Policy', b'"fixed window";"resolvers";q=3000;w=300'), (b'cross-origin-opener-policy', b'same-origin'), (b'Referrer-Policy', b'strict-origin-when-cross-origin'), (b'Access-Control-Max-Age', b'86400'), (b'Access-Control-Allow-Origin', b'https://huggingface.co'), (b'Vary', b'Origin, Accept'), (b'Access-Control-Expose-Headers', b'X-Repo-Commit,X-Request-Id,X-Error-Code,X-Error-Message,X-Total-Count,ETag,Link,Accept-Ranges,Content-Range,X-Linked-Size,X-Linked-ETag,X-Xet-Hash'), (b'X-Repo-Commit', b'c9745ed1d9f207416be6d2e6f8de32d1f16199bf'), (b'Accept-Ranges', b'bytes'), (b'X-HF-Warning', b'unauthenticated; Warning: You are sending unauthenticated requests to the HF Hub. Please set a HF_TOKEN to enable higher rate limits and faster downloads.'), (b'X-Hub-Cache', b'HIT'), (b'Content-Disposition', b'inline; filename*=UTF-8\'\'config.json; filename="config.json";'), (b'Content-Security-Policy', b"default-src 'none'; sandbox"), (b'X-Linked-ETag', b'"72b987fd805cfa2b58c4c8c952b274a11bfd5a00"'), (b'X-Cache', b'Miss from cloudfront'), (b'Via', b'1.1 addf8e26116fb53ed08079d757b28bb0.cloudfront.net (CloudFront)'), (b'X-Amz-Cf-Pop', b'MXP63-P7'), (b'X-Amz-Cf-Id', b'-IySswnnklQhYWtS5S0lL3m524fIBk42apHg2r-aEEARvMJ_5stlKw==')])
2026-05-27 18:52:31,907 [INFO] HTTP Request: HEAD https://huggingface.co/sentence-transformers/all-MiniLM-L6-v2/resolve/main/config.json "HTTP/1.1 307 Temporary Redirect"
2026-05-27 18:52:31,907 [DEBUG] receive_response_body.started request=<Request [b'HEAD']>
2026-05-27 18:52:31,908 [DEBUG] receive_response_body.complete
2026-05-27 18:52:31,908 [DEBUG] response_closed.started
2026-05-27 18:52:31,908 [DEBUG] response_closed.complete
2026-05-27 18:52:31,908 [DEBUG] send_request_headers.started request=<Request [b'HEAD']>
2026-05-27 18:52:31,908 [DEBUG] send_request_headers.complete
2026-05-27 18:52:31,909 [DEBUG] send_request_body.started request=<Request [b'HEAD']>
2026-05-27 18:52:31,909 [DEBUG] send_request_body.complete
2026-05-27 18:52:31,909 [DEBUG] receive_response_headers.started request=<Request [b'HEAD']>
2026-05-27 18:52:31,932 [DEBUG] receive_response_headers.complete return_value=(b'HTTP/1.1', 200, b'OK', [(b'Content-Type', b'text/plain; charset=utf-8'), (b'Content-Length', b'612'), (b'Connection', b'keep-alive'), (b'Date', b'Thu, 09 Apr 2026 09:46:08 GMT'), (b'ETag', b'"72b987fd805cfa2b58c4c8c952b274a11bfd5a00"'), (b'X-Powered-By', b'huggingface-moon'), (b'X-Request-Id', b'Root=1-69d77560-707d62a96d54fe5a09525615'), (b'RateLimit', b'"resolvers";r=2999;t=128'), (b'RateLimit-Policy', b'"fixed window";"resolvers";q=3000;w=300'), (b'cross-origin-opener-policy', b'same-origin'), (b'Referrer-Policy', b'strict-origin-when-cross-origin'), (b'Access-Control-Max-Age', b'86400'), (b'Access-Control-Allow-Origin', b'https://huggingface.co'), (b'Access-Control-Expose-Headers', b'X-Repo-Commit,X-Request-Id,X-Error-Code,X-Error-Message,X-Total-Count,ETag,Link,Accept-Ranges,Content-Range,X-Linked-Size,X-Linked-ETag,X-Xet-Hash'), (b'X-Repo-Commit', b'c9745ed1d9f207416be6d2e6f8de32d1f16199bf'), (b'Accept-Ranges', b'bytes'), (b'Content-Disposition', b'inline; filename*=UTF-8\'\'config.json; filename="config.json";'), (b'Content-Security-Policy', b"default-src 'none'; sandbox"), (b'Vary', b'Origin'), (b'X-Cache', b'Hit from cloudfront'), (b'Via', b'1.1 addf8e26116fb53ed08079d757b28bb0.cloudfront.net (CloudFront)'), (b'X-Amz-Cf-Pop', b'MXP63-P7'), (b'X-Amz-Cf-Id', b'9TuYv1s0qLdcwUnd6z5f2WAdkkqeO87AqpqSOfGf-ivq2FcauHqapg=='), (b'Age', b'4172773')])
2026-05-27 18:52:31,933 [INFO] HTTP Request: HEAD https://huggingface.co/api/resolve-cache/models/sentence-transformers/all-MiniLM-L6-v2/c9745ed1d9f207416be6d2e6f8de32d1f16199bf/config.json "HTTP/1.1 200 OK"
2026-05-27 18:52:31,933 [DEBUG] receive_response_body.started request=<Request [b'HEAD']>
2026-05-27 18:52:31,933 [DEBUG] receive_response_body.complete
2026-05-27 18:52:31,933 [DEBUG] response_closed.started
2026-05-27 18:52:31,933 [DEBUG] response_closed.complete
2026-05-27 18:52:32,220 [DEBUG] send_request_headers.started request=<Request [b'HEAD']>
2026-05-27 18:52:32,220 [DEBUG] send_request_headers.complete
2026-05-27 18:52:32,220 [DEBUG] send_request_body.started request=<Request [b'HEAD']>
2026-05-27 18:52:32,220 [DEBUG] send_request_body.complete
2026-05-27 18:52:32,220 [DEBUG] receive_response_headers.started request=<Request [b'HEAD']>
2026-05-27 18:52:32,357 [DEBUG] receive_response_headers.complete return_value=(b'HTTP/1.1', 404, b'Not Found', [(b'Content-Type', b'text/plain; charset=utf-8'), (b'Content-Length', b'15'), (b'Connection', b'keep-alive'), (b'Date', b'Wed, 27 May 2026 16:52:21 GMT'), (b'ETag', b'W/"f-mY2VvLxuxB7KhsoOdQTlMTccuAQ"'), (b'X-Powered-By', b'huggingface-moon'), (b'X-Request-Id', b'Root=1-6a172145-77410c036a75f1e95d47cbe6;c2b8101b-741c-463d-b17b-bd331fcf1a36'), (b'RateLimit', b'"resolvers";r=2991;t=15'), (b'RateLimit-Policy', b'"fixed window";"resolvers";q=3000;w=300'), (b'cross-origin-opener-policy', b'same-origin'), (b'Referrer-Policy', b'strict-origin-when-cross-origin'), (b'Access-Control-Max-Age', b'86400'), (b'Access-Control-Allow-Origin', b'https://huggingface.co'), (b'Vary', b'Origin'), (b'Access-Control-Expose-Headers', b'X-Repo-Commit,X-Request-Id,X-Error-Code,X-Error-Message,X-Total-Count,ETag,Link,Accept-Ranges,Content-Range,X-Linked-Size,X-Linked-ETag,X-Xet-Hash'), (b'X-Repo-Commit', b'c9745ed1d9f207416be6d2e6f8de32d1f16199bf'), (b'Accept-Ranges', b'bytes'), (b'X-Hub-Cache', b'MISS'), (b'X-Error-Code', b'EntryNotFound'), (b'X-Error-Message', b'Entry not found'), (b'X-Cache', b'Error from cloudfront'), (b'Via', b'1.1 addf8e26116fb53ed08079d757b28bb0.cloudfront.net (CloudFront)'), (b'X-Amz-Cf-Pop', b'MXP63-P7'), (b'X-Amz-Cf-Id', b'RgZUuuiYsYKjrfJaPFHwa-EnB9eInzmpzuvcOHCkFiUBx8y2D8T3jg==')])
2026-05-27 18:52:32,358 [INFO] HTTP Request: HEAD https://huggingface.co/sentence-transformers/all-MiniLM-L6-v2/resolve/main/processor_config.json "HTTP/1.1 404 Not Found"
2026-05-27 18:52:32,358 [DEBUG] receive_response_body.started request=<Request [b'HEAD']>
2026-05-27 18:52:32,358 [DEBUG] receive_response_body.complete
2026-05-27 18:52:32,358 [DEBUG] response_closed.started
2026-05-27 18:52:32,358 [DEBUG] response_closed.complete
2026-05-27 18:52:32,362 [DEBUG] send_request_headers.started request=<Request [b'HEAD']>
2026-05-27 18:52:32,362 [DEBUG] send_request_headers.complete
2026-05-27 18:52:32,368 [DEBUG] send_request_body.started request=<Request [b'HEAD']>
2026-05-27 18:52:32,369 [DEBUG] send_request_body.complete
2026-05-27 18:52:32,369 [DEBUG] receive_response_headers.started request=<Request [b'HEAD']>
2026-05-27 18:52:32,502 [DEBUG] receive_response_headers.complete return_value=(b'HTTP/1.1', 404, b'Not Found', [(b'Content-Type', b'text/plain; charset=utf-8'), (b'Content-Length', b'15'), (b'Connection', b'keep-alive'), (b'Date', b'Wed, 27 May 2026 16:52:22 GMT'), (b'ETag', b'W/"f-mY2VvLxuxB7KhsoOdQTlMTccuAQ"'), (b'X-Powered-By', b'huggingface-moon'), (b'X-Request-Id', b'Root=1-6a172146-6d2ccefd36562d2f232bbd81;63146861-2081-45c3-8977-cc45db64c2b1'), (b'RateLimit', b'"resolvers";r=2990;t=14'), (b'RateLimit-Policy', b'"fixed window";"resolvers";q=3000;w=300'), (b'cross-origin-opener-policy', b'same-origin'), (b'Referrer-Policy', b'strict-origin-when-cross-origin'), (b'Access-Control-Max-Age', b'86400'), (b'Access-Control-Allow-Origin', b'https://huggingface.co'), (b'Vary', b'Origin'), (b'Access-Control-Expose-Headers', b'X-Repo-Commit,X-Request-Id,X-Error-Code,X-Error-Message,X-Total-Count,ETag,Link,Accept-Ranges,Content-Range,X-Linked-Size,X-Linked-ETag,X-Xet-Hash'), (b'X-Repo-Commit', b'c9745ed1d9f207416be6d2e6f8de32d1f16199bf'), (b'Accept-Ranges', b'bytes'), (b'X-Hub-Cache', b'MISS'), (b'X-Error-Code', b'EntryNotFound'), (b'X-Error-Message', b'Entry not found'), (b'X-Cache', b'Error from cloudfront'), (b'Via', b'1.1 addf8e26116fb53ed08079d757b28bb0.cloudfront.net (CloudFront)'), (b'X-Amz-Cf-Pop', b'MXP63-P7'), (b'X-Amz-Cf-Id', b'jrtxoQDI4DJtt61pWLHZ59Eejy5EezhhKOdRPoI7FZE9YMERB4R0Iw==')])
2026-05-27 18:52:32,503 [INFO] HTTP Request: HEAD https://huggingface.co/sentence-transformers/all-MiniLM-L6-v2/resolve/main/preprocessor_config.json "HTTP/1.1 404 Not Found"
2026-05-27 18:52:32,503 [DEBUG] receive_response_body.started request=<Request [b'HEAD']>
2026-05-27 18:52:32,503 [DEBUG] receive_response_body.complete
2026-05-27 18:52:32,503 [DEBUG] response_closed.started
2026-05-27 18:52:32,504 [DEBUG] response_closed.complete
2026-05-27 18:52:32,507 [DEBUG] send_request_headers.started request=<Request [b'HEAD']>
2026-05-27 18:52:32,508 [DEBUG] send_request_headers.complete
2026-05-27 18:52:32,508 [DEBUG] send_request_body.started request=<Request [b'HEAD']>
2026-05-27 18:52:32,508 [DEBUG] send_request_body.complete
2026-05-27 18:52:32,508 [DEBUG] receive_response_headers.started request=<Request [b'HEAD']>
2026-05-27 18:52:32,642 [DEBUG] receive_response_headers.complete return_value=(b'HTTP/1.1', 404, b'Not Found', [(b'Content-Type', b'text/plain; charset=utf-8'), (b'Content-Length', b'15'), (b'Connection', b'keep-alive'), (b'Date', b'Wed, 27 May 2026 16:52:22 GMT'), (b'ETag', b'W/"f-mY2VvLxuxB7KhsoOdQTlMTccuAQ"'), (b'X-Powered-By', b'huggingface-moon'), (b'X-Request-Id', b'Root=1-6a172146-2be572f00a12e6cd6db94559;f44abaa9-ecaf-457f-a4ec-46912aeaba56'), (b'RateLimit', b'"resolvers";r=2989;t=14'), (b'RateLimit-Policy', b'"fixed window";"resolvers";q=3000;w=300'), (b'cross-origin-opener-policy', b'same-origin'), (b'Referrer-Policy', b'strict-origin-when-cross-origin'), (b'Access-Control-Max-Age', b'86400'), (b'Access-Control-Allow-Origin', b'https://huggingface.co'), (b'Vary', b'Origin'), (b'Access-Control-Expose-Headers', b'X-Repo-Commit,X-Request-Id,X-Error-Code,X-Error-Message,X-Total-Count,ETag,Link,Accept-Ranges,Content-Range,X-Linked-Size,X-Linked-ETag,X-Xet-Hash'), (b'X-Repo-Commit', b'c9745ed1d9f207416be6d2e6f8de32d1f16199bf'), (b'Accept-Ranges', b'bytes'), (b'X-HF-Warning', b'unauthenticated; Warning: You are sending unauthenticated requests to the HF Hub. Please set a HF_TOKEN to enable higher rate limits and faster downloads.'), (b'X-Hub-Cache', b'MISS'), (b'X-Error-Code', b'EntryNotFound'), (b'X-Error-Message', b'Entry not found'), (b'X-Cache', b'Error from cloudfront'), (b'Via', b'1.1 addf8e26116fb53ed08079d757b28bb0.cloudfront.net (CloudFront)'), (b'X-Amz-Cf-Pop', b'MXP63-P7'), (b'X-Amz-Cf-Id', b'KQj9O_K-YxEIRdLp7x7dz8neKcc0mHDJC2BGiF4-GNEGOsMwTslR7g==')])
2026-05-27 18:52:32,642 [INFO] HTTP Request: HEAD https://huggingface.co/sentence-transformers/all-MiniLM-L6-v2/resolve/main/video_preprocessor_config.json "HTTP/1.1 404 Not Found"
2026-05-27 18:52:32,642 [DEBUG] receive_response_body.started request=<Request [b'HEAD']>
2026-05-27 18:52:32,643 [DEBUG] receive_response_body.complete
2026-05-27 18:52:32,643 [DEBUG] response_closed.started
2026-05-27 18:52:32,643 [DEBUG] response_closed.complete
2026-05-27 18:52:32,645 [DEBUG] send_request_headers.started request=<Request [b'HEAD']>
2026-05-27 18:52:32,646 [DEBUG] send_request_headers.complete
2026-05-27 18:52:32,646 [DEBUG] send_request_body.started request=<Request [b'HEAD']>
2026-05-27 18:52:32,646 [DEBUG] send_request_body.complete
2026-05-27 18:52:32,646 [DEBUG] receive_response_headers.started request=<Request [b'HEAD']>
2026-05-27 18:52:32,784 [DEBUG] receive_response_headers.complete return_value=(b'HTTP/1.1', 404, b'Not Found', [(b'Content-Type', b'text/plain; charset=utf-8'), (b'Content-Length', b'15'), (b'Connection', b'keep-alive'), (b'Date', b'Wed, 27 May 2026 16:52:22 GMT'), (b'ETag', b'W/"f-mY2VvLxuxB7KhsoOdQTlMTccuAQ"'), (b'X-Powered-By', b'huggingface-moon'), (b'X-Request-Id', b'Root=1-6a172146-3b9bbdf742bda7ad1bcc13db;7730e348-945f-46d9-856c-0795223a3fbb'), (b'RateLimit', b'"resolvers";r=2988;t=14'), (b'RateLimit-Policy', b'"fixed window";"resolvers";q=3000;w=300'), (b'cross-origin-opener-policy', b'same-origin'), (b'Referrer-Policy', b'strict-origin-when-cross-origin'), (b'Access-Control-Max-Age', b'86400'), (b'Access-Control-Allow-Origin', b'https://huggingface.co'), (b'Vary', b'Origin'), (b'Access-Control-Expose-Headers', b'X-Repo-Commit,X-Request-Id,X-Error-Code,X-Error-Message,X-Total-Count,ETag,Link,Accept-Ranges,Content-Range,X-Linked-Size,X-Linked-ETag,X-Xet-Hash'), (b'X-Repo-Commit', b'c9745ed1d9f207416be6d2e6f8de32d1f16199bf'), (b'Accept-Ranges', b'bytes'), (b'X-Hub-Cache', b'MISS'), (b'X-Error-Code', b'EntryNotFound'), (b'X-Error-Message', b'Entry not found'), (b'X-Cache', b'Error from cloudfront'), (b'Via', b'1.1 addf8e26116fb53ed08079d757b28bb0.cloudfront.net (CloudFront)'), (b'X-Amz-Cf-Pop', b'MXP63-P7'), (b'X-Amz-Cf-Id', b'Dc2Jj8LD0ER6SNuUAllMs5gb34SyTR4Tid_ywDQLEEVLCVIbXq-Z0w==')])
2026-05-27 18:52:32,784 [INFO] HTTP Request: HEAD https://huggingface.co/sentence-transformers/all-MiniLM-L6-v2/resolve/main/preprocessor_config.json "HTTP/1.1 404 Not Found"
2026-05-27 18:52:32,784 [DEBUG] receive_response_body.started request=<Request [b'HEAD']>
2026-05-27 18:52:32,785 [DEBUG] receive_response_body.complete
2026-05-27 18:52:32,785 [DEBUG] response_closed.started
2026-05-27 18:52:32,785 [DEBUG] response_closed.complete
2026-05-27 18:52:32,786 [DEBUG] send_request_headers.started request=<Request [b'HEAD']>
2026-05-27 18:52:32,787 [DEBUG] send_request_headers.complete
2026-05-27 18:52:32,787 [DEBUG] send_request_body.started request=<Request [b'HEAD']>
2026-05-27 18:52:32,787 [DEBUG] send_request_body.complete
2026-05-27 18:52:32,787 [DEBUG] receive_response_headers.started request=<Request [b'HEAD']>
2026-05-27 18:52:32,921 [DEBUG] receive_response_headers.complete return_value=(b'HTTP/1.1', 307, b'Temporary Redirect', [(b'Content-Type', b'text/plain; charset=utf-8'), (b'Content-Length', b'300'), (b'Connection', b'keep-alive'), (b'Date', b'Wed, 27 May 2026 16:52:22 GMT'), (b'Location', b'/api/resolve-cache/models/sentence-transformers/all-MiniLM-L6-v2/c9745ed1d9f207416be6d2e6f8de32d1f16199bf/tokenizer_config.json?%2Fsentence-transformers%2Fall-MiniLM-L6-v2%2Fresolve%2Fmain%2Ftokenizer_config.json=&etag=%22c79f2b6a0cea6f4b564fed1938984bace9d30ff0%22'), (b'X-Powered-By', b'huggingface-moon'), (b'X-Request-Id', b'Root=1-6a172146-5b5f837d3ff3dc4212a986d0;f93b076d-db2d-4018-af0e-ae48331f6839'), (b'RateLimit', b'"resolvers";r=2987;t=14'), (b'RateLimit-Policy', b'"fixed window";"resolvers";q=3000;w=300'), (b'cross-origin-opener-policy', b'same-origin'), (b'Referrer-Policy', b'strict-origin-when-cross-origin'), (b'Access-Control-Max-Age', b'86400'), (b'Access-Control-Allow-Origin', b'https://huggingface.co'), (b'Vary', b'Origin, Accept'), (b'Access-Control-Expose-Headers', b'X-Repo-Commit,X-Request-Id,X-Error-Code,X-Error-Message,X-Total-Count,ETag,Link,Accept-Ranges,Content-Range,X-Linked-Size,X-Linked-ETag,X-Xet-Hash'), (b'X-Repo-Commit', b'c9745ed1d9f207416be6d2e6f8de32d1f16199bf'), (b'Accept-Ranges', b'bytes'), (b'X-HF-Warning', b'unauthenticated; Warning: You are sending unauthenticated requests to the HF Hub. Please set a HF_TOKEN to enable higher rate limits and faster downloads.'), (b'X-Hub-Cache', b'HIT'), (b'Content-Disposition', b'inline; filename*=UTF-8\'\'tokenizer_config.json; filename="tokenizer_config.json";'), (b'Content-Security-Policy', b"default-src 'none'; sandbox"), (b'X-Linked-ETag', b'"c79f2b6a0cea6f4b564fed1938984bace9d30ff0"'), (b'X-Cache', b'Miss from cloudfront'), (b'Via', b'1.1 addf8e26116fb53ed08079d757b28bb0.cloudfront.net (CloudFront)'), (b'X-Amz-Cf-Pop', b'MXP63-P7'), (b'X-Amz-Cf-Id', b'WBRlIxro3McGYLbpxkYShW_4td3wy-YpD1ZKPkX5-x9sTj6n3qUhmA==')])
2026-05-27 18:52:32,921 [INFO] HTTP Request: HEAD https://huggingface.co/sentence-transformers/all-MiniLM-L6-v2/resolve/main/tokenizer_config.json "HTTP/1.1 307 Temporary Redirect"
2026-05-27 18:52:32,922 [DEBUG] receive_response_body.started request=<Request [b'HEAD']>
2026-05-27 18:52:32,922 [DEBUG] receive_response_body.complete
2026-05-27 18:52:32,922 [DEBUG] response_closed.started
2026-05-27 18:52:32,922 [DEBUG] response_closed.complete
2026-05-27 18:52:32,922 [DEBUG] send_request_headers.started request=<Request [b'HEAD']>
2026-05-27 18:52:32,923 [DEBUG] send_request_headers.complete
2026-05-27 18:52:32,923 [DEBUG] send_request_body.started request=<Request [b'HEAD']>
2026-05-27 18:52:32,923 [DEBUG] send_request_body.complete
2026-05-27 18:52:32,923 [DEBUG] receive_response_headers.started request=<Request [b'HEAD']>
2026-05-27 18:52:32,947 [DEBUG] receive_response_headers.complete return_value=(b'HTTP/1.1', 200, b'OK', [(b'Content-Type', b'text/plain; charset=utf-8'), (b'Content-Length', b'350'), (b'Connection', b'keep-alive'), (b'Date', b'Sat, 11 Apr 2026 12:02:16 GMT'), (b'ETag', b'"c79f2b6a0cea6f4b564fed1938984bace9d30ff0"'), (b'X-Powered-By', b'huggingface-moon'), (b'X-Request-Id', b'Root=1-69da3848-32604d8f3b5a53893e83e790;e4825fd1-5260-4504-be44-db7a327a1f71'), (b'RateLimit', b'"resolvers";r=2858;t=228'), (b'RateLimit-Policy', b'"fixed window";"resolvers";q=3000;w=300'), (b'cross-origin-opener-policy', b'same-origin'), (b'Referrer-Policy', b'strict-origin-when-cross-origin'), (b'Access-Control-Max-Age', b'86400'), (b'Access-Control-Allow-Origin', b'https://huggingface.co'), (b'Access-Control-Expose-Headers', b'X-Repo-Commit,X-Request-Id,X-Error-Code,X-Error-Message,X-Total-Count,ETag,Link,Accept-Ranges,Content-Range,X-Linked-Size,X-Linked-ETag,X-Xet-Hash'), (b'X-Repo-Commit', b'c9745ed1d9f207416be6d2e6f8de32d1f16199bf'), (b'Accept-Ranges', b'bytes'), (b'X-Hub-Cache', b'HIT'), (b'Content-Disposition', b'inline; filename*=UTF-8\'\'tokenizer_config.json; filename="tokenizer_config.json";'), (b'Content-Security-Policy', b"default-src 'none'; sandbox"), (b'Vary', b'Origin'), (b'X-Cache', b'Hit from cloudfront'), (b'Via', b'1.1 addf8e26116fb53ed08079d757b28bb0.cloudfront.net (CloudFront)'), (b'X-Amz-Cf-Pop', b'MXP63-P7'), (b'X-Amz-Cf-Id', b'QF4tWZxRstTaF2osQceCEiNyCopAQKE4VsjQ4KIls5W5ajOywCKGCA=='), (b'Age', b'3991806')])
2026-05-27 18:52:32,948 [INFO] HTTP Request: HEAD https://huggingface.co/api/resolve-cache/models/sentence-transformers/all-MiniLM-L6-v2/c9745ed1d9f207416be6d2e6f8de32d1f16199bf/tokenizer_config.json "HTTP/1.1 200 OK"
2026-05-27 18:52:32,948 [DEBUG] receive_response_body.started request=<Request [b'HEAD']>
2026-05-27 18:52:32,948 [DEBUG] receive_response_body.complete
2026-05-27 18:52:32,948 [DEBUG] response_closed.started
2026-05-27 18:52:32,948 [DEBUG] response_closed.complete
2026-05-27 18:52:32,957 [DEBUG] send_request_headers.started request=<Request [b'HEAD']>
2026-05-27 18:52:32,957 [DEBUG] send_request_headers.complete
2026-05-27 18:52:32,957 [DEBUG] send_request_body.started request=<Request [b'HEAD']>
2026-05-27 18:52:32,957 [DEBUG] send_request_body.complete
2026-05-27 18:52:32,957 [DEBUG] receive_response_headers.started request=<Request [b'HEAD']>
2026-05-27 18:52:33,095 [DEBUG] receive_response_headers.complete return_value=(b'HTTP/1.1', 307, b'Temporary Redirect', [(b'Content-Type', b'text/plain; charset=utf-8'), (b'Content-Length', b'280'), (b'Connection', b'keep-alive'), (b'Date', b'Wed, 27 May 2026 16:52:22 GMT'), (b'Location', b'/api/resolve-cache/models/sentence-transformers/all-MiniLM-L6-v2/c9745ed1d9f207416be6d2e6f8de32d1f16199bf/config.json?%2Fsentence-transformers%2Fall-MiniLM-L6-v2%2Fresolve%2Fmain%2Fconfig.json=&etag=%2272b987fd805cfa2b58c4c8c952b274a11bfd5a00%22'), (b'X-Powered-By', b'huggingface-moon'), (b'X-Request-Id', b'Root=1-6a172146-5379dd137a19cdad21a75d5f;8e69b876-cba1-409e-895f-21eee724fcdf'), (b'RateLimit', b'"resolvers";r=2986;t=14'), (b'RateLimit-Policy', b'"fixed window";"resolvers";q=3000;w=300'), (b'cross-origin-opener-policy', b'same-origin'), (b'Referrer-Policy', b'strict-origin-when-cross-origin'), (b'Access-Control-Max-Age', b'86400'), (b'Access-Control-Allow-Origin', b'https://huggingface.co'), (b'Vary', b'Origin, Accept'), (b'Access-Control-Expose-Headers', b'X-Repo-Commit,X-Request-Id,X-Error-Code,X-Error-Message,X-Total-Count,ETag,Link,Accept-Ranges,Content-Range,X-Linked-Size,X-Linked-ETag,X-Xet-Hash'), (b'X-Repo-Commit', b'c9745ed1d9f207416be6d2e6f8de32d1f16199bf'), (b'Accept-Ranges', b'bytes'), (b'X-Hub-Cache', b'HIT'), (b'Content-Disposition', b'inline; filename*=UTF-8\'\'config.json; filename="config.json";'), (b'Content-Security-Policy', b"default-src 'none'; sandbox"), (b'X-Linked-ETag', b'"72b987fd805cfa2b58c4c8c952b274a11bfd5a00"'), (b'X-Cache', b'Miss from cloudfront'), (b'Via', b'1.1 addf8e26116fb53ed08079d757b28bb0.cloudfront.net (CloudFront)'), (b'X-Amz-Cf-Pop', b'MXP63-P7'), (b'X-Amz-Cf-Id', b'qH50od2EZ9qM18E7a2YvxWhArTvhJA3c5u7HaWfxSF-nh2rDqugSaA==')])
2026-05-27 18:52:33,095 [INFO] HTTP Request: HEAD https://huggingface.co/sentence-transformers/all-MiniLM-L6-v2/resolve/main/config.json "HTTP/1.1 307 Temporary Redirect"
2026-05-27 18:52:33,095 [DEBUG] receive_response_body.started request=<Request [b'HEAD']>
2026-05-27 18:52:33,095 [DEBUG] receive_response_body.complete
2026-05-27 18:52:33,096 [DEBUG] response_closed.started
2026-05-27 18:52:33,096 [DEBUG] response_closed.complete
2026-05-27 18:52:33,096 [DEBUG] send_request_headers.started request=<Request [b'HEAD']>
2026-05-27 18:52:33,096 [DEBUG] send_request_headers.complete
2026-05-27 18:52:33,096 [DEBUG] send_request_body.started request=<Request [b'HEAD']>
2026-05-27 18:52:33,096 [DEBUG] send_request_body.complete
2026-05-27 18:52:33,096 [DEBUG] receive_response_headers.started request=<Request [b'HEAD']>
2026-05-27 18:52:33,120 [DEBUG] receive_response_headers.complete return_value=(b'HTTP/1.1', 200, b'OK', [(b'Content-Type', b'text/plain; charset=utf-8'), (b'Content-Length', b'612'), (b'Connection', b'keep-alive'), (b'Date', b'Thu, 09 Apr 2026 09:46:08 GMT'), (b'ETag', b'"72b987fd805cfa2b58c4c8c952b274a11bfd5a00"'), (b'X-Powered-By', b'huggingface-moon'), (b'X-Request-Id', b'Root=1-69d77560-707d62a96d54fe5a09525615'), (b'RateLimit', b'"resolvers";r=2999;t=128'), (b'RateLimit-Policy', b'"fixed window";"resolvers";q=3000;w=300'), (b'cross-origin-opener-policy', b'same-origin'), (b'Referrer-Policy', b'strict-origin-when-cross-origin'), (b'Access-Control-Max-Age', b'86400'), (b'Access-Control-Allow-Origin', b'https://huggingface.co'), (b'Access-Control-Expose-Headers', b'X-Repo-Commit,X-Request-Id,X-Error-Code,X-Error-Message,X-Total-Count,ETag,Link,Accept-Ranges,Content-Range,X-Linked-Size,X-Linked-ETag,X-Xet-Hash'), (b'X-Repo-Commit', b'c9745ed1d9f207416be6d2e6f8de32d1f16199bf'), (b'Accept-Ranges', b'bytes'), (b'Content-Disposition', b'inline; filename*=UTF-8\'\'config.json; filename="config.json";'), (b'Content-Security-Policy', b"default-src 'none'; sandbox"), (b'Vary', b'Origin'), (b'X-Cache', b'Hit from cloudfront'), (b'Via', b'1.1 addf8e26116fb53ed08079d757b28bb0.cloudfront.net (CloudFront)'), (b'X-Amz-Cf-Pop', b'MXP63-P7'), (b'X-Amz-Cf-Id', b'LBdMxEeHgUjuB2d6Zg-sWxphUn5LaF12SFU65tPFX7-3C46-XhzibQ=='), (b'Age', b'4172774')])
2026-05-27 18:52:33,120 [INFO] HTTP Request: HEAD https://huggingface.co/api/resolve-cache/models/sentence-transformers/all-MiniLM-L6-v2/c9745ed1d9f207416be6d2e6f8de32d1f16199bf/config.json "HTTP/1.1 200 OK"
2026-05-27 18:52:33,120 [DEBUG] receive_response_body.started request=<Request [b'HEAD']>
2026-05-27 18:52:33,120 [DEBUG] receive_response_body.complete
2026-05-27 18:52:33,120 [DEBUG] response_closed.started
2026-05-27 18:52:33,121 [DEBUG] response_closed.complete
2026-05-27 18:52:33,124 [DEBUG] send_request_headers.started request=<Request [b'HEAD']>
2026-05-27 18:52:33,124 [DEBUG] send_request_headers.complete
2026-05-27 18:52:33,124 [DEBUG] send_request_body.started request=<Request [b'HEAD']>
2026-05-27 18:52:33,124 [DEBUG] send_request_body.complete
2026-05-27 18:52:33,124 [DEBUG] receive_response_headers.started request=<Request [b'HEAD']>
2026-05-27 18:52:33,261 [DEBUG] receive_response_headers.complete return_value=(b'HTTP/1.1', 307, b'Temporary Redirect', [(b'Content-Type', b'text/plain; charset=utf-8'), (b'Content-Length', b'280'), (b'Connection', b'keep-alive'), (b'Date', b'Wed, 27 May 2026 16:52:22 GMT'), (b'Location', b'/api/resolve-cache/models/sentence-transformers/all-MiniLM-L6-v2/c9745ed1d9f207416be6d2e6f8de32d1f16199bf/config.json?%2Fsentence-transformers%2Fall-MiniLM-L6-v2%2Fresolve%2Fmain%2Fconfig.json=&etag=%2272b987fd805cfa2b58c4c8c952b274a11bfd5a00%22'), (b'X-Powered-By', b'huggingface-moon'), (b'X-Request-Id', b'Root=1-6a172146-11cc38333fd8123b1113d38c;9886a2b7-c379-47ee-adae-be001e99c044'), (b'RateLimit', b'"resolvers";r=2985;t=14'), (b'RateLimit-Policy', b'"fixed window";"resolvers";q=3000;w=300'), (b'cross-origin-opener-policy', b'same-origin'), (b'Referrer-Policy', b'strict-origin-when-cross-origin'), (b'Access-Control-Max-Age', b'86400'), (b'Access-Control-Allow-Origin', b'https://huggingface.co'), (b'Vary', b'Origin, Accept'), (b'Access-Control-Expose-Headers', b'X-Repo-Commit,X-Request-Id,X-Error-Code,X-Error-Message,X-Total-Count,ETag,Link,Accept-Ranges,Content-Range,X-Linked-Size,X-Linked-ETag,X-Xet-Hash'), (b'X-Repo-Commit', b'c9745ed1d9f207416be6d2e6f8de32d1f16199bf'), (b'Accept-Ranges', b'bytes'), (b'X-HF-Warning', b'unauthenticated; Warning: You are sending unauthenticated requests to the HF Hub. Please set a HF_TOKEN to enable higher rate limits and faster downloads.'), (b'X-Hub-Cache', b'HIT'), (b'Content-Disposition', b'inline; filename*=UTF-8\'\'config.json; filename="config.json";'), (b'Content-Security-Policy', b"default-src 'none'; sandbox"), (b'X-Linked-ETag', b'"72b987fd805cfa2b58c4c8c952b274a11bfd5a00"'), (b'X-Cache', b'Miss from cloudfront'), (b'Via', b'1.1 addf8e26116fb53ed08079d757b28bb0.cloudfront.net (CloudFront)'), (b'X-Amz-Cf-Pop', b'MXP63-P7'), (b'X-Amz-Cf-Id', b'CjXOEn1-Tbq2AR5ALWX7Bx_sRmuKQXEHuIDvV6fwhgasyK1h2rpUAg==')])
2026-05-27 18:52:33,261 [INFO] HTTP Request: HEAD https://huggingface.co/sentence-transformers/all-MiniLM-L6-v2/resolve/main/config.json "HTTP/1.1 307 Temporary Redirect"
2026-05-27 18:52:33,262 [DEBUG] receive_response_body.started request=<Request [b'HEAD']>
2026-05-27 18:52:33,262 [DEBUG] receive_response_body.complete
2026-05-27 18:52:33,262 [DEBUG] response_closed.started
2026-05-27 18:52:33,262 [DEBUG] response_closed.complete
2026-05-27 18:52:33,262 [DEBUG] send_request_headers.started request=<Request [b'HEAD']>
2026-05-27 18:52:33,263 [DEBUG] send_request_headers.complete
2026-05-27 18:52:33,263 [DEBUG] send_request_body.started request=<Request [b'HEAD']>
2026-05-27 18:52:33,263 [DEBUG] send_request_body.complete
2026-05-27 18:52:33,263 [DEBUG] receive_response_headers.started request=<Request [b'HEAD']>
2026-05-27 18:52:33,288 [DEBUG] receive_response_headers.complete return_value=(b'HTTP/1.1', 200, b'OK', [(b'Content-Type', b'text/plain; charset=utf-8'), (b'Content-Length', b'612'), (b'Connection', b'keep-alive'), (b'Date', b'Thu, 09 Apr 2026 09:46:08 GMT'), (b'ETag', b'"72b987fd805cfa2b58c4c8c952b274a11bfd5a00"'), (b'X-Powered-By', b'huggingface-moon'), (b'X-Request-Id', b'Root=1-69d77560-707d62a96d54fe5a09525615'), (b'RateLimit', b'"resolvers";r=2999;t=128'), (b'RateLimit-Policy', b'"fixed window";"resolvers";q=3000;w=300'), (b'cross-origin-opener-policy', b'same-origin'), (b'Referrer-Policy', b'strict-origin-when-cross-origin'), (b'Access-Control-Max-Age', b'86400'), (b'Access-Control-Allow-Origin', b'https://huggingface.co'), (b'Access-Control-Expose-Headers', b'X-Repo-Commit,X-Request-Id,X-Error-Code,X-Error-Message,X-Total-Count,ETag,Link,Accept-Ranges,Content-Range,X-Linked-Size,X-Linked-ETag,X-Xet-Hash'), (b'X-Repo-Commit', b'c9745ed1d9f207416be6d2e6f8de32d1f16199bf'), (b'Accept-Ranges', b'bytes'), (b'Content-Disposition', b'inline; filename*=UTF-8\'\'config.json; filename="config.json";'), (b'Content-Security-Policy', b"default-src 'none'; sandbox"), (b'Vary', b'Origin'), (b'X-Cache', b'Hit from cloudfront'), (b'Via', b'1.1 addf8e26116fb53ed08079d757b28bb0.cloudfront.net (CloudFront)'), (b'X-Amz-Cf-Pop', b'MXP63-P7'), (b'X-Amz-Cf-Id', b'MvRbMt-B7DP7kk4mQbD8qExNQT-GdqM1FZnDcC6jMwo1dXKF7uGTmA=='), (b'Age', b'4172774')])
2026-05-27 18:52:33,288 [INFO] HTTP Request: HEAD https://huggingface.co/api/resolve-cache/models/sentence-transformers/all-MiniLM-L6-v2/c9745ed1d9f207416be6d2e6f8de32d1f16199bf/config.json "HTTP/1.1 200 OK"
2026-05-27 18:52:33,288 [DEBUG] receive_response_body.started request=<Request [b'HEAD']>
2026-05-27 18:52:33,288 [DEBUG] receive_response_body.complete
2026-05-27 18:52:33,288 [DEBUG] response_closed.started
2026-05-27 18:52:33,289 [DEBUG] response_closed.complete
2026-05-27 18:52:33,291 [DEBUG] send_request_headers.started request=<Request [b'HEAD']>
2026-05-27 18:52:33,291 [DEBUG] send_request_headers.complete
2026-05-27 18:52:33,292 [DEBUG] send_request_body.started request=<Request [b'HEAD']>
2026-05-27 18:52:33,292 [DEBUG] send_request_body.complete
2026-05-27 18:52:33,292 [DEBUG] receive_response_headers.started request=<Request [b'HEAD']>
2026-05-27 18:52:33,427 [DEBUG] receive_response_headers.complete return_value=(b'HTTP/1.1', 307, b'Temporary Redirect', [(b'Content-Type', b'text/plain; charset=utf-8'), (b'Content-Length', b'300'), (b'Connection', b'keep-alive'), (b'Date', b'Wed, 27 May 2026 16:52:23 GMT'), (b'Location', b'/api/resolve-cache/models/sentence-transformers/all-MiniLM-L6-v2/c9745ed1d9f207416be6d2e6f8de32d1f16199bf/tokenizer_config.json?%2Fsentence-transformers%2Fall-MiniLM-L6-v2%2Fresolve%2Fmain%2Ftokenizer_config.json=&etag=%22c79f2b6a0cea6f4b564fed1938984bace9d30ff0%22'), (b'X-Powered-By', b'huggingface-moon'), (b'X-Request-Id', b'Root=1-6a172147-3797526074d2a82126db0c2a;0dd42b5b-38ff-4c9e-b42e-20af81f42d19'), (b'RateLimit', b'"resolvers";r=2984;t=13'), (b'RateLimit-Policy', b'"fixed window";"resolvers";q=3000;w=300'), (b'cross-origin-opener-policy', b'same-origin'), (b'Referrer-Policy', b'strict-origin-when-cross-origin'), (b'Access-Control-Max-Age', b'86400'), (b'Access-Control-Allow-Origin', b'https://huggingface.co'), (b'Vary', b'Origin, Accept'), (b'Access-Control-Expose-Headers', b'X-Repo-Commit,X-Request-Id,X-Error-Code,X-Error-Message,X-Total-Count,ETag,Link,Accept-Ranges,Content-Range,X-Linked-Size,X-Linked-ETag,X-Xet-Hash'), (b'X-Repo-Commit', b'c9745ed1d9f207416be6d2e6f8de32d1f16199bf'), (b'Accept-Ranges', b'bytes'), (b'X-Hub-Cache', b'HIT'), (b'Content-Disposition', b'inline; filename*=UTF-8\'\'tokenizer_config.json; filename="tokenizer_config.json";'), (b'Content-Security-Policy', b"default-src 'none'; sandbox"), (b'X-Linked-ETag', b'"c79f2b6a0cea6f4b564fed1938984bace9d30ff0"'), (b'X-Cache', b'Miss from cloudfront'), (b'Via', b'1.1 addf8e26116fb53ed08079d757b28bb0.cloudfront.net (CloudFront)'), (b'X-Amz-Cf-Pop', b'MXP63-P7'), (b'X-Amz-Cf-Id', b'LuIBmvR6XIh8RATSryNTEf49d-jgHGzO7piiut5N6Ee0SQ8AgjlQMA==')])
2026-05-27 18:52:33,427 [INFO] HTTP Request: HEAD https://huggingface.co/sentence-transformers/all-MiniLM-L6-v2/resolve/main/tokenizer_config.json "HTTP/1.1 307 Temporary Redirect"
2026-05-27 18:52:33,428 [DEBUG] receive_response_body.started request=<Request [b'HEAD']>
2026-05-27 18:52:33,428 [DEBUG] receive_response_body.complete
2026-05-27 18:52:33,428 [DEBUG] response_closed.started
2026-05-27 18:52:33,428 [DEBUG] response_closed.complete
2026-05-27 18:52:33,429 [DEBUG] send_request_headers.started request=<Request [b'HEAD']>
2026-05-27 18:52:33,429 [DEBUG] send_request_headers.complete
2026-05-27 18:52:33,429 [DEBUG] send_request_body.started request=<Request [b'HEAD']>
2026-05-27 18:52:33,429 [DEBUG] send_request_body.complete
2026-05-27 18:52:33,429 [DEBUG] receive_response_headers.started request=<Request [b'HEAD']>
2026-05-27 18:52:33,454 [DEBUG] receive_response_headers.complete return_value=(b'HTTP/1.1', 200, b'OK', [(b'Content-Type', b'text/plain; charset=utf-8'), (b'Content-Length', b'350'), (b'Connection', b'keep-alive'), (b'Date', b'Sat, 11 Apr 2026 12:02:16 GMT'), (b'ETag', b'"c79f2b6a0cea6f4b564fed1938984bace9d30ff0"'), (b'X-Powered-By', b'huggingface-moon'), (b'X-Request-Id', b'Root=1-69da3848-32604d8f3b5a53893e83e790;e4825fd1-5260-4504-be44-db7a327a1f71'), (b'RateLimit', b'"resolvers";r=2858;t=228'), (b'RateLimit-Policy', b'"fixed window";"resolvers";q=3000;w=300'), (b'cross-origin-opener-policy', b'same-origin'), (b'Referrer-Policy', b'strict-origin-when-cross-origin'), (b'Access-Control-Max-Age', b'86400'), (b'Access-Control-Allow-Origin', b'https://huggingface.co'), (b'Access-Control-Expose-Headers', b'X-Repo-Commit,X-Request-Id,X-Error-Code,X-Error-Message,X-Total-Count,ETag,Link,Accept-Ranges,Content-Range,X-Linked-Size,X-Linked-ETag,X-Xet-Hash'), (b'X-Repo-Commit', b'c9745ed1d9f207416be6d2e6f8de32d1f16199bf'), (b'Accept-Ranges', b'bytes'), (b'X-Hub-Cache', b'HIT'), (b'Content-Disposition', b'inline; filename*=UTF-8\'\'tokenizer_config.json; filename="tokenizer_config.json";'), (b'Content-Security-Policy', b"default-src 'none'; sandbox"), (b'Vary', b'Origin'), (b'X-Cache', b'Hit from cloudfront'), (b'Via', b'1.1 addf8e26116fb53ed08079d757b28bb0.cloudfront.net (CloudFront)'), (b'X-Amz-Cf-Pop', b'MXP63-P7'), (b'X-Amz-Cf-Id', b'zg5fMMd02XBkHo_YOz4hHMgcTwmaR78iEjUpfhE1n7nHO8dgJBY-sQ=='), (b'Age', b'3991807')])
2026-05-27 18:52:33,455 [INFO] HTTP Request: HEAD https://huggingface.co/api/resolve-cache/models/sentence-transformers/all-MiniLM-L6-v2/c9745ed1d9f207416be6d2e6f8de32d1f16199bf/tokenizer_config.json "HTTP/1.1 200 OK"
2026-05-27 18:52:33,455 [DEBUG] receive_response_body.started request=<Request [b'HEAD']>
2026-05-27 18:52:33,455 [DEBUG] receive_response_body.complete
2026-05-27 18:52:33,456 [DEBUG] response_closed.started
2026-05-27 18:52:33,456 [DEBUG] response_closed.complete
2026-05-27 18:52:33,470 [DEBUG] send_request_headers.started request=<Request [b'GET']>
2026-05-27 18:52:33,470 [DEBUG] send_request_headers.complete
2026-05-27 18:52:33,470 [DEBUG] send_request_body.started request=<Request [b'GET']>
2026-05-27 18:52:33,471 [DEBUG] send_request_body.complete
2026-05-27 18:52:33,471 [DEBUG] receive_response_headers.started request=<Request [b'GET']>
2026-05-27 18:52:33,608 [DEBUG] receive_response_headers.complete return_value=(b'HTTP/1.1', 404, b'Not Found', [(b'Content-Type', b'application/json; charset=utf-8'), (b'Content-Length', b'64'), (b'Connection', b'keep-alive'), (b'Date', b'Wed, 27 May 2026 16:52:23 GMT'), (b'ETag', b'W/"40-09f9IAqP13xarAhQxFS2W8rvRkM"'), (b'X-Powered-By', b'huggingface-moon'), (b'X-Request-Id', b'Root=1-6a172147-40de49d93a6beba1391a1791;d12880f6-dc19-4193-bea1-63b4e2bdee73'), (b'RateLimit', b'"api";r=499;t=13'), (b'RateLimit-Policy', b'"fixed window";"api";q=500;w=300'), (b'cross-origin-opener-policy', b'same-origin'), (b'Referrer-Policy', b'strict-origin-when-cross-origin'), (b'Access-Control-Max-Age', b'86400'), (b'Access-Control-Allow-Origin', b'https://huggingface.co'), (b'Vary', b'Origin'), (b'Access-Control-Expose-Headers', b'X-Repo-Commit,X-Request-Id,X-Error-Code,X-Error-Message,X-Total-Count,ETag,Link,Accept-Ranges,Content-Range,X-Linked-Size,X-Linked-ETag,X-Xet-Hash'), (b'X-Error-Code', b'EntryNotFound'), (b'X-Error-Message', b'additional_chat_templates does not exist on "main"'), (b'X-Cache', b'Error from cloudfront'), (b'Via', b'1.1 addf8e26116fb53ed08079d757b28bb0.cloudfront.net (CloudFront)'), (b'X-Amz-Cf-Pop', b'MXP63-P7'), (b'X-Amz-Cf-Id', b'NM5FM8KyRA2zMrOb1zXm65M5Gjui1073UeGz3X7Ruo4Z6E_ED9mdKw==')])
2026-05-27 18:52:33,608 [INFO] HTTP Request: GET https://huggingface.co/api/models/sentence-transformers/all-MiniLM-L6-v2/tree/main/additional_chat_templates?recursive=false&expand=false "HTTP/1.1 404 Not Found"
2026-05-27 18:52:33,609 [DEBUG] receive_response_body.started request=<Request [b'GET']>
2026-05-27 18:52:33,609 [DEBUG] receive_response_body.complete
2026-05-27 18:52:33,609 [DEBUG] response_closed.started
2026-05-27 18:52:33,609 [DEBUG] response_closed.complete
2026-05-27 18:52:33,610 [DEBUG] send_request_headers.started request=<Request [b'GET']>
2026-05-27 18:52:33,610 [DEBUG] send_request_headers.complete
2026-05-27 18:52:33,610 [DEBUG] send_request_body.started request=<Request [b'GET']>
2026-05-27 18:52:33,610 [DEBUG] send_request_body.complete
2026-05-27 18:52:33,611 [DEBUG] receive_response_headers.started request=<Request [b'GET']>
2026-05-27 18:52:33,758 [DEBUG] receive_response_headers.complete return_value=(b'HTTP/1.1', 200, b'OK', [(b'Content-Type', b'application/json; charset=utf-8'), (b'Transfer-Encoding', b'chunked'), (b'Connection', b'keep-alive'), (b'Date', b'Wed, 27 May 2026 16:52:23 GMT'), (b'content-encoding', b'gzip'), (b'ETag', b'W/"1941-m0CqwCT0eLaAYulV6LKBoBypnns"'), (b'X-Powered-By', b'huggingface-moon'), (b'X-Request-Id', b'Root=1-6a172147-039e2bc4335faf1c46b48e0c;59d73e38-b147-4bc1-993e-77680dad72dc'), (b'RateLimit', b'"api";r=498;t=13'), (b'RateLimit-Policy', b'"fixed window";"api";q=500;w=300'), (b'cross-origin-opener-policy', b'same-origin'), (b'Referrer-Policy', b'strict-origin-when-cross-origin'), (b'Access-Control-Max-Age', b'86400'), (b'Access-Control-Allow-Origin', b'https://huggingface.co'), (b'Vary', b'Origin'), (b'vary', b'Accept-Encoding'), (b'Access-Control-Expose-Headers', b'X-Repo-Commit,X-Request-Id,X-Error-Code,X-Error-Message,X-Total-Count,ETag,Link,Accept-Ranges,Content-Range,X-Linked-Size,X-Linked-ETag,X-Xet-Hash'), (b'X-Cache', b'Miss from cloudfront'), (b'Via', b'1.1 addf8e26116fb53ed08079d757b28bb0.cloudfront.net (CloudFront)'), (b'X-Amz-Cf-Pop', b'MXP63-P7'), (b'X-Amz-Cf-Id', b'GvWnwGGi-Mz4CB3NvBUreypEu9ec_g4w8I7eTRPMEAyUdBwERcL4lA==')])
2026-05-27 18:52:33,759 [INFO] HTTP Request: GET https://huggingface.co/api/models/sentence-transformers/all-MiniLM-L6-v2/tree/main?recursive=true&expand=false "HTTP/1.1 200 OK"
2026-05-27 18:52:33,759 [DEBUG] receive_response_body.started request=<Request [b'GET']>
2026-05-27 18:52:33,759 [DEBUG] receive_response_body.complete
2026-05-27 18:52:33,759 [DEBUG] response_closed.started
2026-05-27 18:52:33,759 [DEBUG] response_closed.complete
2026-05-27 18:52:33,800 [DEBUG] Active modality config: {'text': {'method': 'forward', 'method_output_name': 'last_hidden_state'}}
2026-05-27 18:52:33,801 [DEBUG] send_request_headers.started request=<Request [b'HEAD']>
2026-05-27 18:52:33,801 [DEBUG] send_request_headers.complete
2026-05-27 18:52:33,801 [DEBUG] send_request_body.started request=<Request [b'HEAD']>
2026-05-27 18:52:33,801 [DEBUG] send_request_body.complete
2026-05-27 18:52:33,802 [DEBUG] receive_response_headers.started request=<Request [b'HEAD']>
2026-05-27 18:52:33,944 [DEBUG] receive_response_headers.complete return_value=(b'HTTP/1.1', 307, b'Temporary Redirect', [(b'Content-Type', b'text/plain; charset=utf-8'), (b'Content-Length', b'304'), (b'Connection', b'keep-alive'), (b'Date', b'Wed, 27 May 2026 16:52:23 GMT'), (b'Location', b'/api/resolve-cache/models/sentence-transformers/all-MiniLM-L6-v2/c9745ed1d9f207416be6d2e6f8de32d1f16199bf/1_Pooling%2Fconfig.json?%2Fsentence-transformers%2Fall-MiniLM-L6-v2%2Fresolve%2Fmain%2F1_Pooling%2Fconfig.json=&etag=%22d1514c3162bbe87b343f565fadc62e6c06f04f03%22'), (b'X-Powered-By', b'huggingface-moon'), (b'X-Request-Id', b'Root=1-6a172147-5d6bf769419b6839096d9438;09c05374-f91d-48bb-a163-c9b9acb0bef5'), (b'RateLimit', b'"resolvers";r=2983;t=13'), (b'RateLimit-Policy', b'"fixed window";"resolvers";q=3000;w=300'), (b'cross-origin-opener-policy', b'same-origin'), (b'Referrer-Policy', b'strict-origin-when-cross-origin'), (b'Access-Control-Max-Age', b'86400'), (b'Access-Control-Allow-Origin', b'https://huggingface.co'), (b'Vary', b'Origin, Accept'), (b'Access-Control-Expose-Headers', b'X-Repo-Commit,X-Request-Id,X-Error-Code,X-Error-Message,X-Total-Count,ETag,Link,Accept-Ranges,Content-Range,X-Linked-Size,X-Linked-ETag,X-Xet-Hash'), (b'X-Repo-Commit', b'c9745ed1d9f207416be6d2e6f8de32d1f16199bf'), (b'Accept-Ranges', b'bytes'), (b'X-HF-Warning', b'unauthenticated; Warning: You are sending unauthenticated requests to the HF Hub. Please set a HF_TOKEN to enable higher rate limits and faster downloads.'), (b'X-Hub-Cache', b'HIT'), (b'Content-Disposition', b'inline; filename*=UTF-8\'\'config.json; filename="config.json";'), (b'Content-Security-Policy', b"default-src 'none'; sandbox"), (b'X-Linked-ETag', b'"d1514c3162bbe87b343f565fadc62e6c06f04f03"'), (b'X-Cache', b'Miss from cloudfront'), (b'Via', b'1.1 addf8e26116fb53ed08079d757b28bb0.cloudfront.net (CloudFront)'), (b'X-Amz-Cf-Pop', b'MXP63-P7'), (b'X-Amz-Cf-Id', b'zooPAG-xFl0edZUwz5pOKMTKbHhOqbJr1kxQERUwbLoTu8gJktxphQ==')])
2026-05-27 18:52:33,944 [INFO] HTTP Request: HEAD https://huggingface.co/sentence-transformers/all-MiniLM-L6-v2/resolve/main/1_Pooling/config.json "HTTP/1.1 307 Temporary Redirect"
2026-05-27 18:52:33,944 [DEBUG] receive_response_body.started request=<Request [b'HEAD']>
2026-05-27 18:52:33,944 [DEBUG] receive_response_body.complete
2026-05-27 18:52:33,944 [DEBUG] response_closed.started
2026-05-27 18:52:33,945 [DEBUG] response_closed.complete
2026-05-27 18:52:33,945 [DEBUG] send_request_headers.started request=<Request [b'HEAD']>
2026-05-27 18:52:33,945 [DEBUG] send_request_headers.complete
2026-05-27 18:52:33,945 [DEBUG] send_request_body.started request=<Request [b'HEAD']>
2026-05-27 18:52:33,945 [DEBUG] send_request_body.complete
2026-05-27 18:52:33,946 [DEBUG] receive_response_headers.started request=<Request [b'HEAD']>
2026-05-27 18:52:33,969 [DEBUG] receive_response_headers.complete return_value=(b'HTTP/1.1', 200, b'OK', [(b'Content-Type', b'text/plain; charset=utf-8'), (b'Content-Length', b'190'), (b'Connection', b'keep-alive'), (b'Date', b'Fri, 10 Apr 2026 09:35:00 GMT'), (b'ETag', b'"d1514c3162bbe87b343f565fadc62e6c06f04f03"'), (b'X-Powered-By', b'huggingface-moon'), (b'X-Request-Id', b'Root=1-69d8c444-51bfdc284838b2b51b56ee40;9e3ab3e9-ea71-46d7-8b08-afca550371a1'), (b'RateLimit', b'"resolvers";r=2999;t=220'), (b'RateLimit-Policy', b'"fixed window";"resolvers";q=3000;w=300'), (b'cross-origin-opener-policy', b'same-origin'), (b'Referrer-Policy', b'strict-origin-when-cross-origin'), (b'Access-Control-Max-Age', b'86400'), (b'Access-Control-Allow-Origin', b'https://huggingface.co'), (b'Access-Control-Expose-Headers', b'X-Repo-Commit,X-Request-Id,X-Error-Code,X-Error-Message,X-Total-Count,ETag,Link,Accept-Ranges,Content-Range,X-Linked-Size,X-Linked-ETag,X-Xet-Hash'), (b'X-Repo-Commit', b'c9745ed1d9f207416be6d2e6f8de32d1f16199bf'), (b'Accept-Ranges', b'bytes'), (b'Content-Disposition', b'inline; filename*=UTF-8\'\'config.json; filename="config.json";'), (b'Content-Security-Policy', b"default-src 'none'; sandbox"), (b'Vary', b'Origin'), (b'X-Cache', b'Hit from cloudfront'), (b'Via', b'1.1 addf8e26116fb53ed08079d757b28bb0.cloudfront.net (CloudFront)'), (b'X-Amz-Cf-Pop', b'MXP63-P7'), (b'X-Amz-Cf-Id', b'aBxq0DGK3wg-8radNp1M7X5JSjrEgACUCXWjTNPDtKIubqb8GDrofQ=='), (b'Age', b'4087043')])
2026-05-27 18:52:33,969 [INFO] HTTP Request: HEAD https://huggingface.co/api/resolve-cache/models/sentence-transformers/all-MiniLM-L6-v2/c9745ed1d9f207416be6d2e6f8de32d1f16199bf/1_Pooling%2Fconfig.json "HTTP/1.1 200 OK"
2026-05-27 18:52:33,969 [DEBUG] receive_response_body.started request=<Request [b'HEAD']>
2026-05-27 18:52:33,969 [DEBUG] receive_response_body.complete
2026-05-27 18:52:33,969 [DEBUG] response_closed.started
2026-05-27 18:52:33,969 [DEBUG] response_closed.complete
2026-05-27 18:52:33,977 [DEBUG] send_request_headers.started request=<Request [b'GET']>
2026-05-27 18:52:33,977 [DEBUG] send_request_headers.complete
2026-05-27 18:52:33,977 [DEBUG] send_request_body.started request=<Request [b'GET']>
2026-05-27 18:52:33,977 [DEBUG] send_request_body.complete
2026-05-27 18:52:33,978 [DEBUG] receive_response_headers.started request=<Request [b'GET']>
2026-05-27 18:52:34,121 [DEBUG] receive_response_headers.complete return_value=(b'HTTP/1.1', 200, b'OK', [(b'Content-Type', b'application/json; charset=utf-8'), (b'Transfer-Encoding', b'chunked'), (b'Connection', b'keep-alive'), (b'Date', b'Wed, 27 May 2026 16:52:23 GMT'), (b'content-encoding', b'gzip'), (b'ETag', b'W/"1ab9-dEzli1e2l1GMQc00A8fnqiJxMU4"'), (b'X-Powered-By', b'huggingface-moon'), (b'X-Request-Id', b'Root=1-6a172147-6db436065b72826250cdd5a4;580af481-f2b7-4fe6-9e2d-9f7e5dc55201'), (b'RateLimit', b'"api";r=497;t=13'), (b'RateLimit-Policy', b'"fixed window";"api";q=500;w=300'), (b'cross-origin-opener-policy', b'same-origin'), (b'Referrer-Policy', b'strict-origin-when-cross-origin'), (b'Access-Control-Max-Age', b'86400'), (b'Access-Control-Allow-Origin', b'https://huggingface.co'), (b'Vary', b'Origin'), (b'vary', b'Accept-Encoding'), (b'Access-Control-Expose-Headers', b'X-Repo-Commit,X-Request-Id,X-Error-Code,X-Error-Message,X-Total-Count,ETag,Link,Accept-Ranges,Content-Range,X-Linked-Size,X-Linked-ETag,X-Xet-Hash'), (b'X-Cache', b'Miss from cloudfront'), (b'Via', b'1.1 addf8e26116fb53ed08079d757b28bb0.cloudfront.net (CloudFront)'), (b'X-Amz-Cf-Pop', b'MXP63-P7'), (b'X-Amz-Cf-Id', b'DPSyrr0uzDLOK8ruM0kS0YhJjOAewZNYsrmBVtUz_HjwtQrmQDuQLA==')])
2026-05-27 18:52:34,121 [INFO] HTTP Request: GET https://huggingface.co/api/models/sentence-transformers/all-MiniLM-L6-v2 "HTTP/1.1 200 OK"
2026-05-27 18:52:34,121 [DEBUG] receive_response_body.started request=<Request [b'GET']>
2026-05-27 18:52:34,122 [DEBUG] receive_response_body.complete
2026-05-27 18:52:34,122 [DEBUG] response_closed.started
2026-05-27 18:52:34,122 [DEBUG] response_closed.complete
2026-05-27 18:52:34,130 [DEBUG] send_request_headers.started request=<Request [b'HEAD']>
2026-05-27 18:52:34,131 [DEBUG] send_request_headers.complete
2026-05-27 18:52:34,132 [DEBUG] send_request_body.started request=<Request [b'HEAD']>
2026-05-27 18:52:34,132 [DEBUG] send_request_body.complete
2026-05-27 18:52:34,133 [DEBUG] receive_response_headers.started request=<Request [b'HEAD']>
2026-05-27 18:52:34,269 [DEBUG] receive_response_headers.complete return_value=(b'HTTP/1.1', 307, b'Temporary Redirect', [(b'Content-Type', b'text/plain; charset=utf-8'), (b'Content-Length', b'272'), (b'Connection', b'keep-alive'), (b'Date', b'Wed, 27 May 2026 16:52:23 GMT'), (b'Location', b'/api/resolve-cache/models/MilaNLProc/feel-it-italian-emotion/6efdabf62230414aeba764986b4ae317ce7c5c47/config.json?%2FMilaNLProc%2Ffeel-it-italian-emotion%2Fresolve%2Fmain%2Fconfig.json=&etag=%22ff5257b8e33037b6edb2d2c2d35fc354f2d2b4d9%22'), (b'X-Powered-By', b'huggingface-moon'), (b'X-Request-Id', b'Root=1-6a172147-0e066f7272397df208c9e9f6;7d38936b-0403-48a4-82a8-4f9b68ba59c2'), (b'RateLimit', b'"resolvers";r=2982;t=13'), (b'RateLimit-Policy', b'"fixed window";"resolvers";q=3000;w=300'), (b'cross-origin-opener-policy', b'same-origin'), (b'Referrer-Policy', b'strict-origin-when-cross-origin'), (b'Access-Control-Max-Age', b'86400'), (b'Access-Control-Allow-Origin', b'https://huggingface.co'), (b'Vary', b'Origin, Accept'), (b'Access-Control-Expose-Headers', b'X-Repo-Commit,X-Request-Id,X-Error-Code,X-Error-Message,X-Total-Count,ETag,Link,Accept-Ranges,Content-Range,X-Linked-Size,X-Linked-ETag,X-Xet-Hash'), (b'X-Repo-Commit', b'6efdabf62230414aeba764986b4ae317ce7c5c47'), (b'Accept-Ranges', b'bytes'), (b'X-Hub-Cache', b'MISS'), (b'Content-Disposition', b'inline; filename*=UTF-8\'\'config.json; filename="config.json";'), (b'Content-Security-Policy', b"default-src 'none'; sandbox"), (b'X-Linked-ETag', b'"ff5257b8e33037b6edb2d2c2d35fc354f2d2b4d9"'), (b'X-Cache', b'Miss from cloudfront'), (b'Via', b'1.1 addf8e26116fb53ed08079d757b28bb0.cloudfront.net (CloudFront)'), (b'X-Amz-Cf-Pop', b'MXP63-P7'), (b'X-Amz-Cf-Id', b'-76YhBVhOebPF6gexVcw-uP1j-umt73-_es6BYd1haTo8OBDO1Y-rw==')])
2026-05-27 18:52:34,269 [INFO] HTTP Request: HEAD https://huggingface.co/MilaNLProc/feel-it-italian-emotion/resolve/main/config.json "HTTP/1.1 307 Temporary Redirect"
2026-05-27 18:52:34,270 [DEBUG] receive_response_body.started request=<Request [b'HEAD']>
2026-05-27 18:52:34,270 [DEBUG] receive_response_body.complete
2026-05-27 18:52:34,270 [DEBUG] response_closed.started
2026-05-27 18:52:34,270 [DEBUG] response_closed.complete
2026-05-27 18:52:34,270 [DEBUG] send_request_headers.started request=<Request [b'HEAD']>
2026-05-27 18:52:34,271 [DEBUG] send_request_headers.complete
2026-05-27 18:52:34,271 [DEBUG] send_request_body.started request=<Request [b'HEAD']>
2026-05-27 18:52:34,271 [DEBUG] send_request_body.complete
2026-05-27 18:52:34,271 [DEBUG] receive_response_headers.started request=<Request [b'HEAD']>
2026-05-27 18:52:34,297 [DEBUG] receive_response_headers.complete return_value=(b'HTTP/1.1', 200, b'OK', [(b'Content-Type', b'text/plain; charset=utf-8'), (b'Content-Length', b'899'), (b'Connection', b'keep-alive'), (b'Date', b'Sat, 04 Apr 2026 21:49:10 GMT'), (b'ETag', b'"ff5257b8e33037b6edb2d2c2d35fc354f2d2b4d9"'), (b'X-Powered-By', b'huggingface-moon'), (b'X-Request-Id', b'Root=1-69d18756-18b70b9147fa33a163544951;a92864a3-f1bf-4c47-a420-151dd538142d'), (b'RateLimit', b'"resolvers";r=2911;t=298'), (b'RateLimit-Policy', b'"fixed window";"resolvers";q=3000;w=300'), (b'cross-origin-opener-policy', b'same-origin'), (b'Referrer-Policy', b'strict-origin-when-cross-origin'), (b'Access-Control-Max-Age', b'86400'), (b'Access-Control-Allow-Origin', b'https://huggingface.co'), (b'Access-Control-Expose-Headers', b'X-Repo-Commit,X-Request-Id,X-Error-Code,X-Error-Message,X-Total-Count,ETag,Link,Accept-Ranges,Content-Range,X-Linked-Size,X-Linked-ETag,X-Xet-Hash'), (b'X-Repo-Commit', b'6efdabf62230414aeba764986b4ae317ce7c5c47'), (b'Accept-Ranges', b'bytes'), (b'Content-Disposition', b'inline; filename*=UTF-8\'\'config.json; filename="config.json";'), (b'Content-Security-Policy', b"default-src 'none'; sandbox"), (b'Vary', b'Origin'), (b'X-Cache', b'Hit from cloudfront'), (b'Via', b'1.1 addf8e26116fb53ed08079d757b28bb0.cloudfront.net (CloudFront)'), (b'X-Amz-Cf-Pop', b'MXP63-P7'), (b'X-Amz-Cf-Id', b'fWxBrO_kDO2sIS2vX16O1Fzh_r4GaIdAXQA8b2x0tunbCcipGoYrWQ=='), (b'Age', b'4561393')])
2026-05-27 18:52:34,297 [INFO] HTTP Request: HEAD https://huggingface.co/api/resolve-cache/models/MilaNLProc/feel-it-italian-emotion/6efdabf62230414aeba764986b4ae317ce7c5c47/config.json "HTTP/1.1 200 OK"
2026-05-27 18:52:34,298 [DEBUG] receive_response_body.started request=<Request [b'HEAD']>
2026-05-27 18:52:34,298 [DEBUG] receive_response_body.complete
2026-05-27 18:52:34,298 [DEBUG] response_closed.started
2026-05-27 18:52:34,298 [DEBUG] response_closed.complete
2026-05-27 18:52:34,301 [DEBUG] Attempting to acquire lock 1372383586128 on C:\Users\Utente\.cache\huggingface\hub\.locks\models--MilaNLProc--feel-it-italian-emotion\ff5257b8e33037b6edb2d2c2d35fc354f2d2b4d9.lock
2026-05-27 18:52:34,305 [DEBUG] Lock 1372383586128 acquired on C:\Users\Utente\.cache\huggingface\hub\.locks\models--MilaNLProc--feel-it-italian-emotion\ff5257b8e33037b6edb2d2c2d35fc354f2d2b4d9.lock
2026-05-27 18:52:34,306 [DEBUG] send_request_headers.started request=<Request [b'GET']>
2026-05-27 18:52:34,307 [DEBUG] send_request_headers.complete
2026-05-27 18:52:34,308 [DEBUG] send_request_body.started request=<Request [b'GET']>
2026-05-27 18:52:34,308 [DEBUG] send_request_body.complete
2026-05-27 18:52:34,308 [DEBUG] receive_response_headers.started request=<Request [b'GET']>
2026-05-27 18:52:34,331 [DEBUG] receive_response_headers.complete return_value=(b'HTTP/1.1', 200, b'OK', [(b'Content-Type', b'text/plain; charset=utf-8'), (b'Content-Length', b'899'), (b'Connection', b'keep-alive'), (b'Date', b'Mon, 20 Apr 2026 08:54:49 GMT'), (b'ETag', b'"ff5257b8e33037b6edb2d2c2d35fc354f2d2b4d9"'), (b'X-Powered-By', b'huggingface-moon'), (b'X-Request-Id', b'Root=1-69e5e9d9-67e0048315fa7b1552a92fb8;a4f9fa4b-507b-42c0-9b72-d72ea48a3e6c'), (b'RateLimit', b'"resolvers";r=2941;t=217'), (b'RateLimit-Policy', b'"fixed window";"resolvers";q=3000;w=300'), (b'cross-origin-opener-policy', b'same-origin'), (b'Referrer-Policy', b'strict-origin-when-cross-origin'), (b'Access-Control-Max-Age', b'86400'), (b'Access-Control-Allow-Origin', b'https://huggingface.co'), (b'Access-Control-Expose-Headers', b'X-Repo-Commit,X-Request-Id,X-Error-Code,X-Error-Message,X-Total-Count,ETag,Link,Accept-Ranges,Content-Range,X-Linked-Size,X-Linked-ETag,X-Xet-Hash'), (b'X-Repo-Commit', b'6efdabf62230414aeba764986b4ae317ce7c5c47'), (b'Accept-Ranges', b'bytes'), (b'Content-Disposition', b'inline; filename*=UTF-8\'\'config.json; filename="config.json";'), (b'Content-Security-Policy', b"default-src 'none'; sandbox"), (b'Vary', b'Origin'), (b'X-Cache', b'Hit from cloudfront'), (b'Via', b'1.1 addf8e26116fb53ed08079d757b28bb0.cloudfront.net (CloudFront)'), (b'X-Amz-Cf-Pop', b'MXP63-P7'), (b'X-Amz-Cf-Id', b'uZdBMRGzAgwd77wznPtlIBDHcJTC-Y4CjREjjGaDA4lGncrQX0mFmQ=='), (b'Age', b'3225454')])
2026-05-27 18:52:34,332 [INFO] HTTP Request: GET https://huggingface.co/api/resolve-cache/models/MilaNLProc/feel-it-italian-emotion/6efdabf62230414aeba764986b4ae317ce7c5c47/config.json "HTTP/1.1 200 OK"
2026-05-27 18:52:34,332 [DEBUG] receive_response_body.started request=<Request [b'GET']>
2026-05-27 18:52:34,332 [DEBUG] receive_response_body.complete
2026-05-27 18:52:34,332 [DEBUG] response_closed.started
2026-05-27 18:52:34,332 [DEBUG] response_closed.complete
2026-05-27 18:52:34,349 [DEBUG] Attempting to release lock 1372383586128 on C:\Users\Utente\.cache\huggingface\hub\.locks\models--MilaNLProc--feel-it-italian-emotion\ff5257b8e33037b6edb2d2c2d35fc354f2d2b4d9.lock
2026-05-27 18:52:34,349 [DEBUG] Lock 1372383586128 released on C:\Users\Utente\.cache\huggingface\hub\.locks\models--MilaNLProc--feel-it-italian-emotion\ff5257b8e33037b6edb2d2c2d35fc354f2d2b4d9.lock
2026-05-27 18:52:34,389 [DEBUG] send_request_headers.started request=<Request [b'HEAD']>
2026-05-27 18:52:34,389 [DEBUG] send_request_headers.complete
2026-05-27 18:52:34,389 [DEBUG] send_request_body.started request=<Request [b'HEAD']>
2026-05-27 18:52:34,389 [DEBUG] send_request_body.complete
2026-05-27 18:52:34,390 [DEBUG] receive_response_headers.started request=<Request [b'HEAD']>
2026-05-27 18:52:34,538 [DEBUG] receive_response_headers.complete return_value=(b'HTTP/1.1', 404, b'Not Found', [(b'Content-Type', b'text/plain; charset=utf-8'), (b'Content-Length', b'15'), (b'Connection', b'keep-alive'), (b'Date', b'Wed, 27 May 2026 16:52:24 GMT'), (b'ETag', b'W/"f-mY2VvLxuxB7KhsoOdQTlMTccuAQ"'), (b'X-Powered-By', b'huggingface-moon'), (b'X-Request-Id', b'Root=1-6a172148-6503af895607f9b217209e4d;58e536eb-fabb-4a78-93b3-518b9ba46a66'), (b'RateLimit', b'"resolvers";r=2981;t=12'), (b'RateLimit-Policy', b'"fixed window";"resolvers";q=3000;w=300'), (b'cross-origin-opener-policy', b'same-origin'), (b'Referrer-Policy', b'strict-origin-when-cross-origin'), (b'Access-Control-Max-Age', b'86400'), (b'Access-Control-Allow-Origin', b'https://huggingface.co'), (b'Vary', b'Origin'), (b'Access-Control-Expose-Headers', b'X-Repo-Commit,X-Request-Id,X-Error-Code,X-Error-Message,X-Total-Count,ETag,Link,Accept-Ranges,Content-Range,X-Linked-Size,X-Linked-ETag,X-Xet-Hash'), (b'X-Repo-Commit', b'6efdabf62230414aeba764986b4ae317ce7c5c47'), (b'Accept-Ranges', b'bytes'), (b'X-Hub-Cache', b'MISS'), (b'X-Error-Code', b'EntryNotFound'), (b'X-Error-Message', b'Entry not found'), (b'X-Cache', b'Error from cloudfront'), (b'Via', b'1.1 addf8e26116fb53ed08079d757b28bb0.cloudfront.net (CloudFront)'), (b'X-Amz-Cf-Pop', b'MXP63-P7'), (b'X-Amz-Cf-Id', b'h5W6vhvdxSVhyfREXhtOzmJKSWqcQFs8zsEcI3QTjNqnYjSbuy-9hg==')])
2026-05-27 18:52:34,538 [INFO] HTTP Request: HEAD https://huggingface.co/MilaNLProc/feel-it-italian-emotion/resolve/main/model.safetensors "HTTP/1.1 404 Not Found"
2026-05-27 18:52:34,539 [DEBUG] receive_response_body.started request=<Request [b'HEAD']>
2026-05-27 18:52:34,539 [DEBUG] receive_response_body.complete
2026-05-27 18:52:34,539 [DEBUG] response_closed.started
2026-05-27 18:52:34,540 [DEBUG] response_closed.complete
2026-05-27 18:52:34,542 [DEBUG] send_request_headers.started request=<Request [b'HEAD']>
2026-05-27 18:52:34,542 [DEBUG] send_request_headers.complete
2026-05-27 18:52:34,542 [DEBUG] send_request_body.started request=<Request [b'HEAD']>
2026-05-27 18:52:34,543 [DEBUG] send_request_body.complete
2026-05-27 18:52:34,543 [DEBUG] receive_response_headers.started request=<Request [b'HEAD']>
2026-05-27 18:52:34,854 [DEBUG] receive_response_headers.complete return_value=(b'HTTP/1.1', 404, b'Not Found', [(b'Content-Type', b'text/plain; charset=utf-8'), (b'Content-Length', b'15'), (b'Connection', b'keep-alive'), (b'Date', b'Wed, 27 May 2026 16:52:24 GMT'), (b'ETag', b'W/"f-mY2VvLxuxB7KhsoOdQTlMTccuAQ"'), (b'X-Powered-By', b'huggingface-moon'), (b'X-Request-Id', b'Root=1-6a172148-6c37d2a5475b69d639d5e055;cbe198ba-0b64-43f2-af61-ea0e25ebcbb3'), (b'RateLimit', b'"resolvers";r=2980;t=12'), (b'RateLimit-Policy', b'"fixed window";"resolvers";q=3000;w=300'), (b'cross-origin-opener-policy', b'same-origin'), (b'Referrer-Policy', b'strict-origin-when-cross-origin'), (b'Access-Control-Max-Age', b'86400'), (b'Access-Control-Allow-Origin', b'https://huggingface.co'), (b'Vary', b'Origin'), (b'Access-Control-Expose-Headers', b'X-Repo-Commit,X-Request-Id,X-Error-Code,X-Error-Message,X-Total-Count,ETag,Link,Accept-Ranges,Content-Range,X-Linked-Size,X-Linked-ETag,X-Xet-Hash'), (b'X-Repo-Commit', b'6efdabf62230414aeba764986b4ae317ce7c5c47'), (b'Accept-Ranges', b'bytes'), (b'X-HF-Warning', b'unauthenticated; Warning: You are sending unauthenticated requests to the HF Hub. Please set a HF_TOKEN to enable higher rate limits and faster downloads.'), (b'X-Hub-Cache', b'MISS'), (b'X-Error-Code', b'EntryNotFound'), (b'X-Error-Message', b'Entry not found'), (b'X-Cache', b'Error from cloudfront'), (b'Via', b'1.1 addf8e26116fb53ed08079d757b28bb0.cloudfront.net (CloudFront)'), (b'X-Amz-Cf-Pop', b'MXP63-P7'), (b'X-Amz-Cf-Id', b'AQCblfBs84VgU1YDwVGXdZfGs9oOFyR0EPIMS8G41R1wZQolqJekfQ==')])
2026-05-27 18:52:34,854 [INFO] HTTP Request: HEAD https://huggingface.co/MilaNLProc/feel-it-italian-emotion/resolve/main/model.safetensors.index.json "HTTP/1.1 404 Not Found"
2026-05-27 18:52:34,854 [DEBUG] receive_response_body.started request=<Request [b'HEAD']>
2026-05-27 18:52:34,855 [DEBUG] receive_response_body.complete
2026-05-27 18:52:34,855 [DEBUG] response_closed.started
2026-05-27 18:52:34,855 [DEBUG] response_closed.complete
2026-05-27 18:52:34,857 [DEBUG] send_request_headers.started request=<Request [b'HEAD']>
2026-05-27 18:52:34,857 [DEBUG] send_request_headers.complete
2026-05-27 18:52:34,857 [DEBUG] send_request_body.started request=<Request [b'HEAD']>
2026-05-27 18:52:34,857 [DEBUG] send_request_body.complete
2026-05-27 18:52:34,857 [DEBUG] receive_response_headers.started request=<Request [b'HEAD']>
2026-05-27 18:52:35,070 [DEBUG] receive_response_headers.complete return_value=(b'HTTP/1.1', 302, b'Found', [(b'Content-Type', b'text/plain; charset=utf-8'), (b'Content-Length', b'1400'), (b'Connection', b'keep-alive'), (b'Date', b'Wed, 27 May 2026 16:52:24 GMT'), (b'Location', b'https://cas-bridge.xethub.hf.co/xet-bridge-us/621ffdc036468d709f1769d4/230992ad85e161f50c077bbb187b623c6da9f60e678e3ef7fb763779b8ac4381?X-Amz-Algorithm=AWS4-HMAC-SHA256&X-Amz-Content-Sha256=UNSIGNED-PAYLOAD&X-Amz-Credential=cas%2F20260527%2Fus-east-1%2Fs3%2Faws4_request&X-Amz-Date=20260527T165224Z&X-Amz-Expires=3600&X-Amz-Signature=1d75f80250005d6099f2947b7f77b2f4612caa14008e1040ffdea0ef038f3ae1&X-Amz-SignedHeaders=host&X-Xet-Cas-Uid=public&response-content-disposition=inline%3B+filename*%3DUTF-8%27%27pytorch_model.bin%3B+filename%3D%22pytorch_model.bin%22%3B&response-content-type=application%2Foctet-stream&x-amz-checksum-mode=ENABLED&x-id=GetObject&Expires=1779904344&Policy=eyJTdGF0ZW1lbnQiOlt7IkNvbmRpdGlvbiI6eyJEYXRlTGVzc1RoYW4iOnsiQVdTOkVwb2NoVGltZSI6MTc3OTkwNDM0NH19LCJSZXNvdXJjZSI6Imh0dHBzOi8vY2FzLWJyaWRnZS54ZXRodWIuaGYuY28veGV0LWJyaWRnZS11cy82MjFmZmRjMDM2NDY4ZDcwOWYxNzY5ZDQvMjMwOTkyYWQ4NWUxNjFmNTBjMDc3YmJiMTg3YjYyM2M2ZGE5ZjYwZTY3OGUzZWY3ZmI3NjM3NzliOGFjNDM4MSoifV19&Signature=KZ39lj8pzCNysERqqzhi5vozTt6CQBGQ2dxbK4HuZjhwFUpbLuab-PpgI4yJRdXUrXsO3K4wDN27mhJt%7E8hUXAs-GaLkQqdXQ6zm0YlVEYGArbWRNuZLwL3HpEtYuIhxoKjFqReiQzB2vnPDOtmuxR5nLNY0pekvxcOYLOYKfivwOir9f9rNvjVYOD6EcKpruHpXVVsnhKYk%7ERYfwSpdMNrBjYqo14KIMyHzgP%7EVcGnk4RCKtIWsGsaw2grsvKRmXdx4YT3MZPez-L8JR5Cw%7EKn-lx8F7Q2K1wvw941mN1BtIU5%7ESYMNx0jIbgfVEZ9u2k50iBhrA64KV%7EjJoGKxgg__&Key-Pair-Id=K2L8F4GPSG1IFC'), (b'X-Powered-By', b'huggingface-moon'), (b'X-Request-Id', b'Root=1-6a172148-11bd95dd45674dec4db2fd64;9b2d7089-e10f-4c13-b6ad-5e245551add2'), (b'RateLimit', b'"resolvers";r=2979;t=12'), (b'RateLimit-Policy', b'"fixed window";"resolvers";q=3000;w=300'), (b'cross-origin-opener-policy', b'same-origin'), (b'Referrer-Policy', b'strict-origin-when-cross-origin'), (b'Access-Control-Max-Age', b'86400'), (b'Access-Control-Allow-Origin', b'https://huggingface.co'), (b'Vary', b'Origin, Accept'), (b'Access-Control-Expose-Headers', b'X-Repo-Commit,X-Request-Id,X-Error-Code,X-Error-Message,X-Total-Count,ETag,Link,Accept-Ranges,Content-Range,X-Linked-Size,X-Linked-ETag,X-Xet-Hash'), (b'X-Repo-Commit', b'6efdabf62230414aeba764986b4ae317ce7c5c47'), (b'Accept-Ranges', b'bytes'), (b'X-Hub-Cache', b'MISS'), (b'X-Linked-Size', b'442587849'), (b'X-Linked-ETag', b'"d1da13a53362bc5eebde59431fa0c8dbd5b5000d1b59f30954766fde16afae72"'), (b'X-Xet-Hash', b'230992ad85e161f50c077bbb187b623c6da9f60e678e3ef7fb763779b8ac4381'), (b'Link', b'<https://huggingface.co/api/models/MilaNLProc/feel-it-italian-emotion/xet-read-token/6efdabf62230414aeba764986b4ae317ce7c5c47>; rel="xet-auth", <https://cas-server.xethub.hf.co/v1/reconstructions/230992ad85e161f50c077bbb187b623c6da9f60e678e3ef7fb763779b8ac4381>; rel="xet-reconstruction-info"'), (b'X-Cache', b'Miss from cloudfront'), (b'Via', b'1.1 addf8e26116fb53ed08079d757b28bb0.cloudfront.net (CloudFront)'), (b'X-Amz-Cf-Pop', b'MXP63-P7'), (b'X-Amz-Cf-Id', b'O8QDTagja2rd_OKqRmcsVGqdFuf9SYnTbzp3bu4OguNccYBLf-m0dw==')])
2026-05-27 18:52:35,070 [INFO] HTTP Request: HEAD https://huggingface.co/MilaNLProc/feel-it-italian-emotion/resolve/main/pytorch_model.bin "HTTP/1.1 302 Found"
2026-05-27 18:52:35,071 [DEBUG] receive_response_body.started request=<Request [b'HEAD']>
2026-05-27 18:52:35,071 [DEBUG] receive_response_body.complete
2026-05-27 18:52:35,071 [DEBUG] response_closed.started
2026-05-27 18:52:35,071 [DEBUG] response_closed.complete
2026-05-27 18:52:35,073 [DEBUG] Attempting to acquire lock 1372405403904 on C:\Users\Utente\.cache\huggingface\hub\.locks\models--MilaNLProc--feel-it-italian-emotion\d1da13a53362bc5eebde59431fa0c8dbd5b5000d1b59f30954766fde16afae72.lock
2026-05-27 18:52:35,073 [DEBUG] Lock 1372405403904 acquired on C:\Users\Utente\.cache\huggingface\hub\.locks\models--MilaNLProc--feel-it-italian-emotion\d1da13a53362bc5eebde59431fa0c8dbd5b5000d1b59f30954766fde16afae72.lock
2026-05-27 18:52:35,109 [DEBUG] send_request_headers.started request=<Request [b'GET']>
2026-05-27 18:52:35,109 [DEBUG] send_request_headers.complete
2026-05-27 18:52:35,109 [DEBUG] send_request_body.started request=<Request [b'GET']>
2026-05-27 18:52:35,109 [DEBUG] send_request_body.complete
2026-05-27 18:52:35,109 [DEBUG] receive_response_headers.started request=<Request [b'GET']>
2026-05-27 18:52:35,243 [DEBUG] receive_response_headers.complete return_value=(b'HTTP/1.1', 200, b'OK', [(b'Content-Type', b'application/json; charset=utf-8'), (b'Content-Length', b'430'), (b'Connection', b'keep-alive'), (b'Date', b'Wed, 27 May 2026 16:52:24 GMT'), (b'ETag', b'W/"1ae-Lw5gBVzHfIy8oYo4Y85V+Uqku90"'), (b'X-Powered-By', b'huggingface-moon'), (b'X-Request-Id', b'Root=1-6a172148-4b10a23d716caf303cc940dd;2a62ef1c-5afc-4a35-a8f3-68655254cc38'), (b'RateLimit', b'"api";r=496;t=12'), (b'RateLimit-Policy', b'"fixed window";"api";q=500;w=300'), (b'cross-origin-opener-policy', b'same-origin'), (b'Referrer-Policy', b'strict-origin-when-cross-origin'), (b'Access-Control-Max-Age', b'86400'), (b'Access-Control-Allow-Origin', b'https://huggingface.co'), (b'Vary', b'Origin'), (b'Access-Control-Expose-Headers', b'X-Repo-Commit,X-Request-Id,X-Error-Code,X-Error-Message,X-Total-Count,ETag,Link,Accept-Ranges,Content-Range,X-Linked-Size,X-Linked-ETag,X-Xet-Hash'), (b'X-Xet-Cas-Url', b'https://cas-server.xethub.hf.co'), (b'X-Xet-Token-Expiration', b'1779901644'), (b'X-Xet-Access-Token', b'eyJhbGciOiJIUzI1NiJ9.eyJyZXBvSWQiOiI2MjFmZmRjMDM2NDY4ZDcwOWYxNzY5ZDQiLCJ1c2VySWQiOiJwdWJsaWMiLCJhY2Nlc3MiOiJSRUFEIiwidXNlUHJpdmF0ZUxpbmsiOmZhbHNlLCJoZkNkblRpZXIiOiJ1bmF1dGhlbnRpY2F0ZWQiLCJyZXBvX3N0b3JhZ2VfdHlwZSI6ImdpdCIsImlhdCI6MTc3OTkwMDc0NCwiZXhwIjoxNzc5OTAxNjQ0LCJpc3MiOiJodHRwczovL2h1Z2dpbmdmYWNlLmNvIn0.xNMgWPgEI7BIiy0o1Lxt2iArlm9C2dyXeot83cy0miM'), (b'X-Cache', b'Miss from cloudfront'), (b'Via', b'1.1 addf8e26116fb53ed08079d757b28bb0.cloudfront.net (CloudFront)'), (b'X-Amz-Cf-Pop', b'MXP63-P7'), (b'X-Amz-Cf-Id', b'hsDNQzxiPc84oBwtTIdN7J3tM5XQUNg94F_glezr2ZoWf08kXgmd2w==')])
2026-05-27 18:52:35,243 [INFO] HTTP Request: GET https://huggingface.co/api/models/MilaNLProc/feel-it-italian-emotion/xet-read-token/6efdabf62230414aeba764986b4ae317ce7c5c47 "HTTP/1.1 200 OK"
2026-05-27 18:52:35,243 [DEBUG] receive_response_body.started request=<Request [b'GET']>
2026-05-27 18:52:35,244 [DEBUG] receive_response_body.complete
2026-05-27 18:52:35,244 [DEBUG] response_closed.started
2026-05-27 18:52:35,244 [DEBUG] response_closed.complete
2026-05-27 18:52:38,879 [DEBUG] Attempting to release lock 1372405403904 on C:\Users\Utente\.cache\huggingface\hub\.locks\models--MilaNLProc--feel-it-italian-emotion\d1da13a53362bc5eebde59431fa0c8dbd5b5000d1b59f30954766fde16afae72.lock
2026-05-27 18:52:38,879 [DEBUG] Lock 1372405403904 released on C:\Users\Utente\.cache\huggingface\hub\.locks\models--MilaNLProc--feel-it-italian-emotion\d1da13a53362bc5eebde59431fa0c8dbd5b5000d1b59f30954766fde16afae72.lock
2026-05-27 18:52:38,880 [DEBUG] send_request_headers.started request=<Request [b'HEAD']>
2026-05-27 18:52:38,881 [DEBUG] send_request_headers.complete
2026-05-27 18:52:38,881 [DEBUG] send_request_body.started request=<Request [b'HEAD']>
2026-05-27 18:52:38,881 [DEBUG] send_request_body.complete
2026-05-27 18:52:38,881 [DEBUG] receive_response_headers.started request=<Request [b'HEAD']>
2026-05-27 18:52:39,022 [DEBUG] receive_response_headers.complete return_value=(b'HTTP/1.1', 404, b'Not Found', [(b'Content-Type', b'text/plain; charset=utf-8'), (b'Content-Length', b'15'), (b'Connection', b'keep-alive'), (b'Date', b'Wed, 27 May 2026 16:52:28 GMT'), (b'ETag', b'W/"f-mY2VvLxuxB7KhsoOdQTlMTccuAQ"'), (b'X-Powered-By', b'huggingface-moon'), (b'X-Request-Id', b'Root=1-6a17214c-14119ec623f6083049e7628b;2bdc37cc-17c9-495c-866a-0c7a176c07b7'), (b'RateLimit', b'"resolvers";r=2978;t=8'), (b'RateLimit-Policy', b'"fixed window";"resolvers";q=3000;w=300'), (b'cross-origin-opener-policy', b'same-origin'), (b'Referrer-Policy', b'strict-origin-when-cross-origin'), (b'Access-Control-Max-Age', b'86400'), (b'Access-Control-Allow-Origin', b'https://huggingface.co'), (b'Vary', b'Origin'), (b'Access-Control-Expose-Headers', b'X-Repo-Commit,X-Request-Id,X-Error-Code,X-Error-Message,X-Total-Count,ETag,Link,Accept-Ranges,Content-Range,X-Linked-Size,X-Linked-ETag,X-Xet-Hash'), (b'X-Repo-Commit', b'6efdabf62230414aeba764986b4ae317ce7c5c47'), (b'Accept-Ranges', b'bytes'), (b'X-Hub-Cache', b'MISS'), (b'X-Error-Code', b'EntryNotFound'), (b'X-Error-Message', b'Entry not found'), (b'X-Cache', b'Error from cloudfront'), (b'Via', b'1.1 addf8e26116fb53ed08079d757b28bb0.cloudfront.net (CloudFront)'), (b'X-Amz-Cf-Pop', b'MXP63-P7'), (b'X-Amz-Cf-Id', b'TstmBJOQPWCGmoDXgd6BLiIkRAixnnrpEqc5TaKDw3vIkPcyBMHRqQ==')])
2026-05-27 18:52:39,022 [INFO] HTTP Request: HEAD https://huggingface.co/MilaNLProc/feel-it-italian-emotion/resolve/main/model.safetensors "HTTP/1.1 404 Not Found"
2026-05-27 18:52:39,022 [DEBUG] receive_response_body.started request=<Request [b'HEAD']>
2026-05-27 18:52:39,023 [DEBUG] receive_response_body.complete
2026-05-27 18:52:39,023 [DEBUG] response_closed.started
2026-05-27 18:52:39,023 [DEBUG] response_closed.complete
2026-05-27 18:52:39,024 [DEBUG] send_request_headers.started request=<Request [b'GET']>
2026-05-27 18:52:39,027 [DEBUG] send_request_headers.complete
2026-05-27 18:52:39,027 [DEBUG] send_request_body.started request=<Request [b'GET']>
2026-05-27 18:52:39,027 [DEBUG] send_request_body.complete
2026-05-27 18:52:39,027 [DEBUG] receive_response_headers.started request=<Request [b'GET']>
2026-05-27 18:52:39,106 [DEBUG] connect_tcp.started host='huggingface.co' port=443 local_address=None timeout=10 socket_options=None
2026-05-27 18:52:39,149 [DEBUG] connect_tcp.complete return_value=<httpcore._backends.sync.SyncStream object at 0x0000013F8685A300>
2026-05-27 18:52:39,149 [DEBUG] start_tls.started ssl_context=<ssl.SSLContext object at 0x0000013F8878EE50> server_hostname='huggingface.co' timeout=10
2026-05-27 18:52:39,164 [DEBUG] receive_response_headers.complete return_value=(b'HTTP/1.1', 200, b'OK', [(b'Content-Type', b'application/json; charset=utf-8'), (b'Transfer-Encoding', b'chunked'), (b'Connection', b'keep-alive'), (b'Date', b'Wed, 27 May 2026 16:52:28 GMT'), (b'content-encoding', b'gzip'), (b'ETag', b'W/"6da-rdaKCcpIX6KZNxZ9CnBvgpfdbB4"'), (b'X-Powered-By', b'huggingface-moon'), (b'X-Request-Id', b'Root=1-6a17214c-20bae2da57515fb6594de14c;d590e57b-db79-435f-aeec-6f25b5eb560a'), (b'RateLimit', b'"api";r=495;t=8'), (b'RateLimit-Policy', b'"fixed window";"api";q=500;w=300'), (b'cross-origin-opener-policy', b'same-origin'), (b'Referrer-Policy', b'strict-origin-when-cross-origin'), (b'Access-Control-Max-Age', b'86400'), (b'Access-Control-Allow-Origin', b'https://huggingface.co'), (b'Vary', b'Origin'), (b'vary', b'Accept-Encoding'), (b'Access-Control-Expose-Headers', b'X-Repo-Commit,X-Request-Id,X-Error-Code,X-Error-Message,X-Total-Count,ETag,Link,Accept-Ranges,Content-Range,X-Linked-Size,X-Linked-ETag,X-Xet-Hash'), (b'X-Cache', b'Miss from cloudfront'), (b'Via', b'1.1 addf8e26116fb53ed08079d757b28bb0.cloudfront.net (CloudFront)'), (b'X-Amz-Cf-Pop', b'MXP63-P7'), (b'X-Amz-Cf-Id', b'8x35iDRfaqtl7ygd4rpmDb7ruYPRYX86xiAZpYfIdH3_XMzzUKgceg==')])
2026-05-27 18:52:39,166 [INFO] HTTP Request: GET https://huggingface.co/api/models/MilaNLProc/feel-it-italian-emotion "HTTP/1.1 200 OK"
2026-05-27 18:52:39,166 [DEBUG] receive_response_body.started request=<Request [b'GET']>
2026-05-27 18:52:39,166 [DEBUG] receive_response_body.complete
2026-05-27 18:52:39,167 [DEBUG] response_closed.started
2026-05-27 18:52:39,167 [DEBUG] response_closed.complete
2026-05-27 18:52:39,167 [DEBUG] send_request_headers.started request=<Request [b'GET']>
2026-05-27 18:52:39,168 [DEBUG] send_request_headers.complete
2026-05-27 18:52:39,168 [DEBUG] send_request_body.started request=<Request [b'GET']>
2026-05-27 18:52:39,168 [DEBUG] send_request_body.complete
2026-05-27 18:52:39,168 [DEBUG] receive_response_headers.started request=<Request [b'GET']>
2026-05-27 18:52:39,174 [DEBUG] start_tls.complete return_value=<httpcore._backends.sync.SyncStream object at 0x0000013F88C847A0>
2026-05-27 18:52:39,174 [DEBUG] send_request_headers.started request=<Request [b'HEAD']>
2026-05-27 18:52:39,174 [DEBUG] send_request_headers.complete
2026-05-27 18:52:39,174 [DEBUG] send_request_body.started request=<Request [b'HEAD']>
2026-05-27 18:52:39,175 [DEBUG] send_request_body.complete
2026-05-27 18:52:39,175 [DEBUG] receive_response_headers.started request=<Request [b'HEAD']>
2026-05-27 18:52:39,317 [DEBUG] receive_response_headers.complete return_value=(b'HTTP/1.1', 307, b'Temporary Redirect', [(b'Content-Type', b'text/plain; charset=utf-8'), (b'Content-Length', b'292'), (b'Connection', b'keep-alive'), (b'Date', b'Wed, 27 May 2026 16:52:28 GMT'), (b'Location', b'/api/resolve-cache/models/MilaNLProc/feel-it-italian-emotion/6efdabf62230414aeba764986b4ae317ce7c5c47/tokenizer_config.json?%2FMilaNLProc%2Ffeel-it-italian-emotion%2Fresolve%2Fmain%2Ftokenizer_config.json=&etag=%22cf5f8a20ac35abaa633592ae4bd159c6240be9de%22'), (b'X-Powered-By', b'huggingface-moon'), (b'X-Request-Id', b'Root=1-6a17214c-10ea68251c316cb157b0a3de;17310deb-a864-4fc8-8e18-c7717f433221'), (b'RateLimit', b'"resolvers";r=2977;t=8'), (b'RateLimit-Policy', b'"fixed window";"resolvers";q=3000;w=300'), (b'cross-origin-opener-policy', b'same-origin'), (b'Referrer-Policy', b'strict-origin-when-cross-origin'), (b'Access-Control-Max-Age', b'86400'), (b'Access-Control-Allow-Origin', b'https://huggingface.co'), (b'Vary', b'Origin, Accept'), (b'Access-Control-Expose-Headers', b'X-Repo-Commit,X-Request-Id,X-Error-Code,X-Error-Message,X-Total-Count,ETag,Link,Accept-Ranges,Content-Range,X-Linked-Size,X-Linked-ETag,X-Xet-Hash'), (b'X-Repo-Commit', b'6efdabf62230414aeba764986b4ae317ce7c5c47'), (b'Accept-Ranges', b'bytes'), (b'X-Hub-Cache', b'MISS'), (b'Content-Disposition', b'inline; filename*=UTF-8\'\'tokenizer_config.json; filename="tokenizer_config.json";'), (b'Content-Security-Policy', b"default-src 'none'; sandbox"), (b'X-Linked-ETag', b'"cf5f8a20ac35abaa633592ae4bd159c6240be9de"'), (b'X-Cache', b'Miss from cloudfront'), (b'Via', b'1.1 758458a4dab65589b4a81c02d695f274.cloudfront.net (CloudFront)'), (b'X-Amz-Cf-Pop', b'MXP63-P7'), (b'X-Amz-Cf-Id', b'woOkMXnHKdPkn6WGf_wkyTV986I7Vg1CtLGai3mOzxJZaSgdSYeuIA==')])
2026-05-27 18:52:39,318 [INFO] HTTP Request: HEAD https://huggingface.co/MilaNLProc/feel-it-italian-emotion/resolve/main/tokenizer_config.json "HTTP/1.1 307 Temporary Redirect"
2026-05-27 18:52:39,318 [DEBUG] receive_response_body.started request=<Request [b'HEAD']>
2026-05-27 18:52:39,318 [DEBUG] receive_response_body.complete
2026-05-27 18:52:39,318 [DEBUG] response_closed.started
2026-05-27 18:52:39,319 [DEBUG] response_closed.complete
2026-05-27 18:52:39,319 [DEBUG] send_request_headers.started request=<Request [b'HEAD']>
2026-05-27 18:52:39,319 [DEBUG] send_request_headers.complete
2026-05-27 18:52:39,319 [DEBUG] send_request_body.started request=<Request [b'HEAD']>
2026-05-27 18:52:39,319 [DEBUG] send_request_body.complete
2026-05-27 18:52:39,320 [DEBUG] receive_response_headers.started request=<Request [b'HEAD']>
2026-05-27 18:52:39,337 [DEBUG] receive_response_headers.complete return_value=(b'HTTP/1.1', 200, b'OK', [(b'Content-Type', b'application/json; charset=utf-8'), (b'Transfer-Encoding', b'chunked'), (b'Connection', b'keep-alive'), (b'Date', b'Wed, 27 May 2026 16:52:28 GMT'), (b'content-encoding', b'gzip'), (b'ETag', b'W/"11f8-YWKChi7VcweD7nAlem2m4olvPr8"'), (b'X-Powered-By', b'huggingface-moon'), (b'X-Request-Id', b'Root=1-6a17214c-3ea2a05025957e135578c113;61b51e32-331d-489a-bb81-ed4911455c7d'), (b'RateLimit', b'"api";r=494;t=8'), (b'RateLimit-Policy', b'"fixed window";"api";q=500;w=300'), (b'cross-origin-opener-policy', b'same-origin'), (b'Referrer-Policy', b'strict-origin-when-cross-origin'), (b'Access-Control-Max-Age', b'86400'), (b'Access-Control-Allow-Origin', b'https://huggingface.co'), (b'Vary', b'Origin'), (b'vary', b'Accept-Encoding'), (b'Access-Control-Expose-Headers', b'X-Repo-Commit,X-Request-Id,X-Error-Code,X-Error-Message,X-Total-Count,ETag,Link,Accept-Ranges,Content-Range,X-Linked-Size,X-Linked-ETag,X-Xet-Hash'), (b'X-Total-Count', b'17'), (b'X-Cache', b'Miss from cloudfront'), (b'Via', b'1.1 addf8e26116fb53ed08079d757b28bb0.cloudfront.net (CloudFront)'), (b'X-Amz-Cf-Pop', b'MXP63-P7'), (b'X-Amz-Cf-Id', b'FsE22LLLcARpSMVyKDMrCST0Jn16LW2uNmZPBsFoD-g5u4Yvf1V51Q==')])
2026-05-27 18:52:39,337 [INFO] HTTP Request: GET https://huggingface.co/api/models/MilaNLProc/feel-it-italian-emotion/commits/main "HTTP/1.1 200 OK"
2026-05-27 18:52:39,337 [DEBUG] receive_response_body.started request=<Request [b'GET']>
2026-05-27 18:52:39,337 [DEBUG] receive_response_body.complete
2026-05-27 18:52:39,337 [DEBUG] response_closed.started
2026-05-27 18:52:39,337 [DEBUG] response_closed.complete
2026-05-27 18:52:39,338 [DEBUG] send_request_headers.started request=<Request [b'GET']>
2026-05-27 18:52:39,338 [DEBUG] send_request_headers.complete
2026-05-27 18:52:39,338 [DEBUG] send_request_body.started request=<Request [b'GET']>
2026-05-27 18:52:39,338 [DEBUG] send_request_body.complete
2026-05-27 18:52:39,338 [DEBUG] receive_response_headers.started request=<Request [b'GET']>
2026-05-27 18:52:39,345 [DEBUG] receive_response_headers.complete return_value=(b'HTTP/1.1', 200, b'OK', [(b'Content-Type', b'text/plain; charset=utf-8'), (b'Content-Length', b'414'), (b'Connection', b'keep-alive'), (b'Date', b'Wed, 22 Apr 2026 08:48:22 GMT'), (b'ETag', b'"cf5f8a20ac35abaa633592ae4bd159c6240be9de"'), (b'X-Powered-By', b'huggingface-moon'), (b'X-Request-Id', b'Root=1-69e88b56-156336a52a39c3b737aa594e;a37aa6ba-fe16-4fc1-85dc-ce4d742078db'), (b'RateLimit', b'"resolvers";r=2998;t=84'), (b'RateLimit-Policy', b'"fixed window";"resolvers";q=3000;w=300'), (b'cross-origin-opener-policy', b'same-origin'), (b'Referrer-Policy', b'strict-origin-when-cross-origin'), (b'Access-Control-Max-Age', b'86400'), (b'Access-Control-Allow-Origin', b'https://huggingface.co'), (b'Access-Control-Expose-Headers', b'X-Repo-Commit,X-Request-Id,X-Error-Code,X-Error-Message,X-Total-Count,ETag,Link,Accept-Ranges,Content-Range,X-Linked-Size,X-Linked-ETag,X-Xet-Hash'), (b'X-Repo-Commit', b'6efdabf62230414aeba764986b4ae317ce7c5c47'), (b'Accept-Ranges', b'bytes'), (b'X-Hub-Cache', b'MISS'), (b'Content-Disposition', b'inline; filename*=UTF-8\'\'tokenizer_config.json; filename="tokenizer_config.json";'), (b'Content-Security-Policy', b"default-src 'none'; sandbox"), (b'Vary', b'Origin'), (b'X-Cache', b'Hit from cloudfront'), (b'Via', b'1.1 758458a4dab65589b4a81c02d695f274.cloudfront.net (CloudFront)'), (b'X-Amz-Cf-Pop', b'MXP63-P7'), (b'X-Amz-Cf-Id', b'Jj7odHQtwX7L3Atc49KZd55vXr1ZIg0g7CYlBhTit5197bROrWy-4w=='), (b'Age', b'3053046')])
2026-05-27 18:52:39,346 [INFO] HTTP Request: HEAD https://huggingface.co/api/resolve-cache/models/MilaNLProc/feel-it-italian-emotion/6efdabf62230414aeba764986b4ae317ce7c5c47/tokenizer_config.json "HTTP/1.1 200 OK"
2026-05-27 18:52:39,348 [DEBUG] receive_response_body.started request=<Request [b'HEAD']>
2026-05-27 18:52:39,348 [DEBUG] receive_response_body.complete
2026-05-27 18:52:39,349 [DEBUG] response_closed.started
2026-05-27 18:52:39,349 [DEBUG] response_closed.complete
2026-05-27 18:52:39,350 [DEBUG] Attempting to acquire lock 1372389552256 on C:\Users\Utente\.cache\huggingface\hub\.locks\models--MilaNLProc--feel-it-italian-emotion\cf5f8a20ac35abaa633592ae4bd159c6240be9de.lock
2026-05-27 18:52:39,351 [DEBUG] Lock 1372389552256 acquired on C:\Users\Utente\.cache\huggingface\hub\.locks\models--MilaNLProc--feel-it-italian-emotion\cf5f8a20ac35abaa633592ae4bd159c6240be9de.lock
2026-05-27 18:52:39,351 [DEBUG] send_request_headers.started request=<Request [b'GET']>
2026-05-27 18:52:39,352 [DEBUG] send_request_headers.complete
2026-05-27 18:52:39,352 [DEBUG] send_request_body.started request=<Request [b'GET']>
2026-05-27 18:52:39,352 [DEBUG] send_request_body.complete
2026-05-27 18:52:39,352 [DEBUG] receive_response_headers.started request=<Request [b'GET']>
2026-05-27 18:52:39,377 [DEBUG] receive_response_headers.complete return_value=(b'HTTP/1.1', 200, b'OK', [(b'Content-Type', b'text/plain; charset=utf-8'), (b'Content-Length', b'414'), (b'Connection', b'keep-alive'), (b'Date', b'Mon, 20 Apr 2026 08:54:53 GMT'), (b'ETag', b'"cf5f8a20ac35abaa633592ae4bd159c6240be9de"'), (b'X-Powered-By', b'huggingface-moon'), (b'X-Request-Id', b'Root=1-69e5e9dd-458b6d711f555efe685b86a8;a46c2ac9-6e66-4cd9-84de-1ba9f7dd37e1'), (b'RateLimit', b'"resolvers";r=2934;t=213'), (b'RateLimit-Policy', b'"fixed window";"resolvers";q=3000;w=300'), (b'cross-origin-opener-policy', b'same-origin'), (b'Referrer-Policy', b'strict-origin-when-cross-origin'), (b'Access-Control-Max-Age', b'86400'), (b'Access-Control-Allow-Origin', b'https://huggingface.co'), (b'Access-Control-Expose-Headers', b'X-Repo-Commit,X-Request-Id,X-Error-Code,X-Error-Message,X-Total-Count,ETag,Link,Accept-Ranges,Content-Range,X-Linked-Size,X-Linked-ETag,X-Xet-Hash'), (b'X-Repo-Commit', b'6efdabf62230414aeba764986b4ae317ce7c5c47'), (b'Accept-Ranges', b'bytes'), (b'Content-Disposition', b'inline; filename*=UTF-8\'\'tokenizer_config.json; filename="tokenizer_config.json";'), (b'Content-Security-Policy', b"default-src 'none'; sandbox"), (b'Vary', b'Origin'), (b'X-Cache', b'Hit from cloudfront'), (b'Via', b'1.1 758458a4dab65589b4a81c02d695f274.cloudfront.net (CloudFront)'), (b'X-Amz-Cf-Pop', b'MXP63-P7'), (b'X-Amz-Cf-Id', b'7r3UcVM4AfjT5bOOgZmjLJAXscQ3B5XPi8CGyFEQjfz5BVYDpMDTxw=='), (b'Age', b'3225456')])
2026-05-27 18:52:39,377 [INFO] HTTP Request: GET https://huggingface.co/api/resolve-cache/models/MilaNLProc/feel-it-italian-emotion/6efdabf62230414aeba764986b4ae317ce7c5c47/tokenizer_config.json "HTTP/1.1 200 OK"
2026-05-27 18:52:39,377 [DEBUG] receive_response_body.started request=<Request [b'GET']>
2026-05-27 18:52:39,377 [DEBUG] receive_response_body.complete
2026-05-27 18:52:39,377 [DEBUG] response_closed.started
2026-05-27 18:52:39,378 [DEBUG] response_closed.complete
2026-05-27 18:52:39,380 [DEBUG] Attempting to release lock 1372389552256 on C:\Users\Utente\.cache\huggingface\hub\.locks\models--MilaNLProc--feel-it-italian-emotion\cf5f8a20ac35abaa633592ae4bd159c6240be9de.lock
2026-05-27 18:52:39,380 [DEBUG] Lock 1372389552256 released on C:\Users\Utente\.cache\huggingface\hub\.locks\models--MilaNLProc--feel-it-italian-emotion\cf5f8a20ac35abaa633592ae4bd159c6240be9de.lock
2026-05-27 18:52:39,392 [DEBUG] send_request_headers.started request=<Request [b'GET']>
2026-05-27 18:52:39,392 [DEBUG] send_request_headers.complete
2026-05-27 18:52:39,392 [DEBUG] send_request_body.started request=<Request [b'GET']>
2026-05-27 18:52:39,393 [DEBUG] send_request_body.complete
2026-05-27 18:52:39,393 [DEBUG] receive_response_headers.started request=<Request [b'GET']>
2026-05-27 18:52:39,483 [DEBUG] receive_response_headers.complete return_value=(b'HTTP/1.1', 200, b'OK', [(b'Content-Type', b'application/json; charset=utf-8'), (b'Content-Length', b'777'), (b'Connection', b'keep-alive'), (b'Date', b'Wed, 27 May 2026 16:52:29 GMT'), (b'ETag', b'W/"309-e27eFyMfL3MrX2FWQXiied7HHls"'), (b'X-Powered-By', b'huggingface-moon'), (b'X-Request-Id', b'Root=1-6a17214d-541500856c7353537ae37fec;ed47f17a-3ad7-4be7-bca8-5f9b079e1cda'), (b'RateLimit', b'"api";r=493;t=7'), (b'RateLimit-Policy', b'"fixed window";"api";q=500;w=300'), (b'cross-origin-opener-policy', b'same-origin'), (b'Referrer-Policy', b'strict-origin-when-cross-origin'), (b'Access-Control-Max-Age', b'86400'), (b'Access-Control-Allow-Origin', b'https://huggingface.co'), (b'Vary', b'Origin'), (b'Access-Control-Expose-Headers', b'X-Repo-Commit,X-Request-Id,X-Error-Code,X-Error-Message,X-Total-Count,ETag,Link,Accept-Ranges,Content-Range,X-Linked-Size,X-Linked-ETag,X-Xet-Hash'), (b'X-Cache', b'Miss from cloudfront'), (b'Via', b'1.1 addf8e26116fb53ed08079d757b28bb0.cloudfront.net (CloudFront)'), (b'X-Amz-Cf-Pop', b'MXP63-P7'), (b'X-Amz-Cf-Id', b'p9cAILWwsbTsQyLaF8FArf4S-L4b8lV7RbD2Z4uci0pdV10Gd3j80g==')])
2026-05-27 18:52:39,483 [INFO] HTTP Request: GET https://huggingface.co/api/models/MilaNLProc/feel-it-italian-emotion/discussions?p=0 "HTTP/1.1 200 OK"
2026-05-27 18:52:39,483 [DEBUG] receive_response_body.started request=<Request [b'GET']>
2026-05-27 18:52:39,483 [DEBUG] receive_response_body.complete
2026-05-27 18:52:39,483 [DEBUG] response_closed.started
2026-05-27 18:52:39,484 [DEBUG] response_closed.complete
2026-05-27 18:52:39,484 [DEBUG] send_request_headers.started request=<Request [b'GET']>
2026-05-27 18:52:39,484 [DEBUG] send_request_headers.complete
2026-05-27 18:52:39,484 [DEBUG] send_request_body.started request=<Request [b'GET']>
2026-05-27 18:52:39,485 [DEBUG] send_request_body.complete
2026-05-27 18:52:39,485 [DEBUG] receive_response_headers.started request=<Request [b'GET']>
2026-05-27 18:52:39,530 [DEBUG] receive_response_headers.complete return_value=(b'HTTP/1.1', 404, b'Not Found', [(b'Content-Type', b'application/json; charset=utf-8'), (b'Content-Length', b'64'), (b'Connection', b'keep-alive'), (b'Date', b'Wed, 27 May 2026 16:52:29 GMT'), (b'ETag', b'W/"40-09f9IAqP13xarAhQxFS2W8rvRkM"'), (b'X-Powered-By', b'huggingface-moon'), (b'X-Request-Id', b'Root=1-6a17214d-4f2d8e5105cfbf8f137bbf47;bd1115df-bd67-47e0-8ce0-266b5bdb707c'), (b'RateLimit', b'"api";r=492;t=7'), (b'RateLimit-Policy', b'"fixed window";"api";q=500;w=300'), (b'cross-origin-opener-policy', b'same-origin'), (b'Referrer-Policy', b'strict-origin-when-cross-origin'), (b'Access-Control-Max-Age', b'86400'), (b'Access-Control-Allow-Origin', b'https://huggingface.co'), (b'Vary', b'Origin'), (b'Access-Control-Expose-Headers', b'X-Repo-Commit,X-Request-Id,X-Error-Code,X-Error-Message,X-Total-Count,ETag,Link,Accept-Ranges,Content-Range,X-Linked-Size,X-Linked-ETag,X-Xet-Hash'), (b'X-Error-Code', b'EntryNotFound'), (b'X-Error-Message', b'additional_chat_templates does not exist on "main"'), (b'X-Cache', b'Error from cloudfront'), (b'Via', b'1.1 758458a4dab65589b4a81c02d695f274.cloudfront.net (CloudFront)'), (b'X-Amz-Cf-Pop', b'MXP63-P7'), (b'X-Amz-Cf-Id', b'enhesSA_Z7nciJPM0ZMLrsrPUbScA2A9nMTobiGgNBQ0Kw0Y2CeWng==')])
2026-05-27 18:52:39,530 [INFO] HTTP Request: GET https://huggingface.co/api/models/MilaNLProc/feel-it-italian-emotion/tree/main/additional_chat_templates?recursive=false&expand=false "HTTP/1.1 404 Not Found"
2026-05-27 18:52:39,530 [DEBUG] receive_response_body.started request=<Request [b'GET']>
2026-05-27 18:52:39,530 [DEBUG] receive_response_body.complete
2026-05-27 18:52:39,530 [DEBUG] response_closed.started
2026-05-27 18:52:39,531 [DEBUG] response_closed.complete
2026-05-27 18:52:39,531 [DEBUG] send_request_headers.started request=<Request [b'GET']>
2026-05-27 18:52:39,532 [DEBUG] send_request_headers.complete
2026-05-27 18:52:39,532 [DEBUG] send_request_body.started request=<Request [b'GET']>
2026-05-27 18:52:39,532 [DEBUG] send_request_body.complete
2026-05-27 18:52:39,532 [DEBUG] receive_response_headers.started request=<Request [b'GET']>
2026-05-27 18:52:39,641 [DEBUG] receive_response_headers.complete return_value=(b'HTTP/1.1', 200, b'OK', [(b'Content-Type', b'application/json; charset=utf-8'), (b'Transfer-Encoding', b'chunked'), (b'Connection', b'keep-alive'), (b'Date', b'Wed, 27 May 2026 16:52:29 GMT'), (b'content-encoding', b'gzip'), (b'ETag', b'W/"15bd-bl35TP8lXao8K+02E2V9daet7SM"'), (b'X-Powered-By', b'huggingface-moon'), (b'X-Request-Id', b'Root=1-6a17214d-461a4c4d07a3b6874f3d43da;6e9040ed-ef71-45f8-bf0b-19e7b6c66496'), (b'RateLimit', b'"api";r=491;t=7'), (b'RateLimit-Policy', b'"fixed window";"api";q=500;w=300'), (b'cross-origin-opener-policy', b'same-origin'), (b'Referrer-Policy', b'strict-origin-when-cross-origin'), (b'Access-Control-Max-Age', b'86400'), (b'Access-Control-Allow-Origin', b'https://huggingface.co'), (b'Vary', b'Origin'), (b'vary', b'Accept-Encoding'), (b'Access-Control-Expose-Headers', b'X-Repo-Commit,X-Request-Id,X-Error-Code,X-Error-Message,X-Total-Count,ETag,Link,Accept-Ranges,Content-Range,X-Linked-Size,X-Linked-ETag,X-Xet-Hash'), (b'X-Total-Count', b'18'), (b'X-Cache', b'Miss from cloudfront'), (b'Via', b'1.1 addf8e26116fb53ed08079d757b28bb0.cloudfront.net (CloudFront)'), (b'X-Amz-Cf-Pop', b'MXP63-P7'), (b'X-Amz-Cf-Id', b'EM9CezcJ_fKs1tD06u1mX7BxnG_yM_VdYSVjyE03vKJi73V2w2O3Xg==')])
2026-05-27 18:52:39,641 [INFO] HTTP Request: GET https://huggingface.co/api/models/MilaNLProc/feel-it-italian-emotion/commits/refs%2Fpr%2F1 "HTTP/1.1 200 OK"
2026-05-27 18:52:39,641 [DEBUG] receive_response_body.started request=<Request [b'GET']>
2026-05-27 18:52:39,642 [DEBUG] receive_response_body.complete
2026-05-27 18:52:39,642 [DEBUG] response_closed.started
2026-05-27 18:52:39,642 [DEBUG] response_closed.complete
2026-05-27 18:52:39,643 [DEBUG] send_request_headers.started request=<Request [b'HEAD']>
2026-05-27 18:52:39,643 [DEBUG] send_request_headers.complete
2026-05-27 18:52:39,643 [DEBUG] send_request_body.started request=<Request [b'HEAD']>
2026-05-27 18:52:39,643 [DEBUG] send_request_body.complete
2026-05-27 18:52:39,643 [DEBUG] receive_response_headers.started request=<Request [b'HEAD']>
2026-05-27 18:52:39,683 [DEBUG] receive_response_headers.complete return_value=(b'HTTP/1.1', 200, b'OK', [(b'Content-Type', b'application/json; charset=utf-8'), (b'Transfer-Encoding', b'chunked'), (b'Connection', b'keep-alive'), (b'Date', b'Wed, 27 May 2026 16:52:29 GMT'), (b'content-encoding', b'gzip'), (b'ETag', b'W/"776-Stu372sKNlsR7dEtTAv1YXlbTiA"'), (b'X-Powered-By', b'huggingface-moon'), (b'X-Request-Id', b'Root=1-6a17214d-36c000593b7e178f0977acef;3c8e4fc3-e957-4f03-b630-f82fa25a2265'), (b'RateLimit', b'"api";r=490;t=7'), (b'RateLimit-Policy', b'"fixed window";"api";q=500;w=300'), (b'cross-origin-opener-policy', b'same-origin'), (b'Referrer-Policy', b'strict-origin-when-cross-origin'), (b'Access-Control-Max-Age', b'86400'), (b'Access-Control-Allow-Origin', b'https://huggingface.co'), (b'Vary', b'Origin'), (b'vary', b'Accept-Encoding'), (b'Access-Control-Expose-Headers', b'X-Repo-Commit,X-Request-Id,X-Error-Code,X-Error-Message,X-Total-Count,ETag,Link,Accept-Ranges,Content-Range,X-Linked-Size,X-Linked-ETag,X-Xet-Hash'), (b'X-Cache', b'Miss from cloudfront'), (b'Via', b'1.1 758458a4dab65589b4a81c02d695f274.cloudfront.net (CloudFront)'), (b'X-Amz-Cf-Pop', b'MXP63-P7'), (b'X-Amz-Cf-Id', b'TxtQOVihEIZNkJ0VfdWyvORIwJuVAd1Ck7Ym6b0IGiefaAM157x8-A==')])
2026-05-27 18:52:39,683 [INFO] HTTP Request: GET https://huggingface.co/api/models/MilaNLProc/feel-it-italian-emotion/tree/main?recursive=true&expand=false "HTTP/1.1 200 OK"
2026-05-27 18:52:39,683 [DEBUG] receive_response_body.started request=<Request [b'GET']>
2026-05-27 18:52:39,684 [DEBUG] receive_response_body.complete
2026-05-27 18:52:39,684 [DEBUG] response_closed.started
2026-05-27 18:52:39,684 [DEBUG] response_closed.complete
2026-05-27 18:52:39,685 [DEBUG] send_request_headers.started request=<Request [b'HEAD']>
2026-05-27 18:52:39,685 [DEBUG] send_request_headers.complete
2026-05-27 18:52:39,685 [DEBUG] send_request_body.started request=<Request [b'HEAD']>
2026-05-27 18:52:39,685 [DEBUG] send_request_body.complete
2026-05-27 18:52:39,685 [DEBUG] receive_response_headers.started request=<Request [b'HEAD']>
2026-05-27 18:52:39,797 [DEBUG] receive_response_headers.complete return_value=(b'HTTP/1.1', 404, b'Not Found', [(b'Content-Type', b'text/plain; charset=utf-8'), (b'Content-Length', b'15'), (b'Connection', b'keep-alive'), (b'Date', b'Wed, 27 May 2026 16:52:29 GMT'), (b'ETag', b'W/"f-mY2VvLxuxB7KhsoOdQTlMTccuAQ"'), (b'X-Powered-By', b'huggingface-moon'), (b'X-Request-Id', b'Root=1-6a17214d-7e42da924465d0e85c70f2af;05b0bd8b-3cef-4368-b515-be4a88f06ef7'), (b'RateLimit', b'"resolvers";r=2976;t=7'), (b'RateLimit-Policy', b'"fixed window";"resolvers";q=3000;w=300'), (b'cross-origin-opener-policy', b'same-origin'), (b'Referrer-Policy', b'strict-origin-when-cross-origin'), (b'Access-Control-Max-Age', b'86400'), (b'Access-Control-Allow-Origin', b'https://huggingface.co'), (b'Vary', b'Origin'), (b'Access-Control-Expose-Headers', b'X-Repo-Commit,X-Request-Id,X-Error-Code,X-Error-Message,X-Total-Count,ETag,Link,Accept-Ranges,Content-Range,X-Linked-Size,X-Linked-ETag,X-Xet-Hash'), (b'X-Repo-Commit', b'f88635aa03102cec3f46b8946e123abd72aa4cd9'), (b'Accept-Ranges', b'bytes'), (b'X-HF-Warning', b'unauthenticated; Warning: You are sending unauthenticated requests to the HF Hub. Please set a HF_TOKEN to enable higher rate limits and faster downloads.'), (b'X-Hub-Cache', b'MISS'), (b'X-Error-Code', b'EntryNotFound'), (b'X-Error-Message', b'Entry not found'), (b'X-Cache', b'Error from cloudfront'), (b'Via', b'1.1 addf8e26116fb53ed08079d757b28bb0.cloudfront.net (CloudFront)'), (b'X-Amz-Cf-Pop', b'MXP63-P7'), (b'X-Amz-Cf-Id', b'Ak_lNcXDFeKBeyj8X6YpQ-Sbe5qmfL6RxLZVfVLQlp7muNAur6JlzA==')])
2026-05-27 18:52:39,797 [INFO] HTTP Request: HEAD https://huggingface.co/MilaNLProc/feel-it-italian-emotion/resolve/refs%2Fpr%2F1/model.safetensors.index.json "HTTP/1.1 404 Not Found"
2026-05-27 18:52:39,797 [DEBUG] receive_response_body.started request=<Request [b'HEAD']>
2026-05-27 18:52:39,798 [DEBUG] receive_response_body.complete
2026-05-27 18:52:39,798 [DEBUG] response_closed.started
2026-05-27 18:52:39,798 [DEBUG] response_closed.complete
2026-05-27 18:52:39,799 [DEBUG] send_request_headers.started request=<Request [b'HEAD']>
2026-05-27 18:52:39,799 [DEBUG] send_request_headers.complete
2026-05-27 18:52:39,799 [DEBUG] send_request_body.started request=<Request [b'HEAD']>
2026-05-27 18:52:39,799 [DEBUG] send_request_body.complete
2026-05-27 18:52:39,799 [DEBUG] receive_response_headers.started request=<Request [b'HEAD']>
2026-05-27 18:52:39,843 [DEBUG] receive_response_headers.complete return_value=(b'HTTP/1.1', 302, b'Found', [(b'Content-Type', b'text/plain; charset=utf-8'), (b'Content-Length', b'1371'), (b'Connection', b'keep-alive'), (b'Date', b'Wed, 27 May 2026 16:52:29 GMT'), (b'Location', b'https://cas-bridge.xethub.hf.co/xet-bridge-us/621ffdc036468d709f1769d4/6771b337c8bb2b328119fa6f338951ff775ed30df4bb2003bc186f6299394260?X-Amz-Algorithm=AWS4-HMAC-SHA256&X-Amz-Content-Sha256=UNSIGNED-PAYLOAD&X-Amz-Credential=cas%2F20260527%2Fus-east-1%2Fs3%2Faws4_request&X-Amz-Date=20260527T165229Z&X-Amz-Expires=3600&X-Amz-Signature=4963b838e8214314abb2ae3eeca23fcbe38dfe4e8357bae21d797c1dbb870989&X-Amz-SignedHeaders=host&X-Xet-Cas-Uid=public&response-content-disposition=inline%3B+filename*%3DUTF-8%27%27sentencepiece.bpe.model%3B+filename%3D%22sentencepiece.bpe.model%22%3B&x-amz-checksum-mode=ENABLED&x-id=GetObject&Expires=1779904349&Policy=eyJTdGF0ZW1lbnQiOlt7IkNvbmRpdGlvbiI6eyJEYXRlTGVzc1RoYW4iOnsiQVdTOkVwb2NoVGltZSI6MTc3OTkwNDM0OX19LCJSZXNvdXJjZSI6Imh0dHBzOi8vY2FzLWJyaWRnZS54ZXRodWIuaGYuY28veGV0LWJyaWRnZS11cy82MjFmZmRjMDM2NDY4ZDcwOWYxNzY5ZDQvNjc3MWIzMzdjOGJiMmIzMjgxMTlmYTZmMzM4OTUxZmY3NzVlZDMwZGY0YmIyMDAzYmMxODZmNjI5OTM5NDI2MCoifV19&Signature=Mjzo21uRPFleXnhTo%7EaPvo2UlGsfMcOV%7EtiG0xCk-9RIVHP9B5VySjB8bNzJxwLW9AJ4whPiscJgoOUyfkk5S-jdBoHq%7E9kIeKGLHJgDS17t3ZAaIC%7E8UvY3YFBqZmwHOG0TTCzYhpYA61xY%7EvzR7vtqHmz1osElwyxrsHqsbL4JXm%7E-zRyI7aH%7EPZYNXHDjCn%7E7rTeBESrPgmETkAgtYvrlBVm%7EIP7FJ1X7iOvLpX2WgsiVi0HzRAF57a47joM0f53s3bGOqlF2qDXh0h%7EeaKT2vxVRk85zYB5ToROcWiteOZRS7l8b7AU7eJRsMKBPSqfWiQeR1ahIN9hZxuHnsw__&Key-Pair-Id=K2L8F4GPSG1IFC'), (b'X-Powered-By', b'huggingface-moon'), (b'X-Request-Id', b'Root=1-6a17214d-73bb0ca04064a9ee51f4f9d0;c6cb09ec-541c-419e-a3ae-e77c21351706'), (b'RateLimit', b'"resolvers";r=2975;t=7'), (b'RateLimit-Policy', b'"fixed window";"resolvers";q=3000;w=300'), (b'cross-origin-opener-policy', b'same-origin'), (b'Referrer-Policy', b'strict-origin-when-cross-origin'), (b'Access-Control-Max-Age', b'86400'), (b'Access-Control-Allow-Origin', b'https://huggingface.co'), (b'Vary', b'Origin, Accept'), (b'Access-Control-Expose-Headers', b'X-Repo-Commit,X-Request-Id,X-Error-Code,X-Error-Message,X-Total-Count,ETag,Link,Accept-Ranges,Content-Range,X-Linked-Size,X-Linked-ETag,X-Xet-Hash'), (b'X-Repo-Commit', b'6efdabf62230414aeba764986b4ae317ce7c5c47'), (b'Accept-Ranges', b'bytes'), (b'X-Hub-Cache', b'MISS'), (b'X-Linked-Size', b'793981'), (b'X-Linked-ETag', b'"33bf860fe6617aef791cff1de421f4e513a4df3049bfe9fdb7273bf69d444437"'), (b'X-Xet-Hash', b'6771b337c8bb2b328119fa6f338951ff775ed30df4bb2003bc186f6299394260'), (b'Link', b'<https://huggingface.co/api/models/MilaNLProc/feel-it-italian-emotion/xet-read-token/6efdabf62230414aeba764986b4ae317ce7c5c47>; rel="xet-auth", <https://cas-server.xethub.hf.co/v1/reconstructions/6771b337c8bb2b328119fa6f338951ff775ed30df4bb2003bc186f6299394260>; rel="xet-reconstruction-info"'), (b'X-Cache', b'Miss from cloudfront'), (b'Via', b'1.1 758458a4dab65589b4a81c02d695f274.cloudfront.net (CloudFront)'), (b'X-Amz-Cf-Pop', b'MXP63-P7'), (b'X-Amz-Cf-Id', b'yEc22lk4WnzGrUx_TldKyQDttsHyh6Su3nNWONOPe5bdZjqwziThAw==')])
2026-05-27 18:52:39,843 [INFO] HTTP Request: HEAD https://huggingface.co/MilaNLProc/feel-it-italian-emotion/resolve/main/sentencepiece.bpe.model "HTTP/1.1 302 Found"
2026-05-27 18:52:39,844 [DEBUG] receive_response_body.started request=<Request [b'HEAD']>
2026-05-27 18:52:39,844 [DEBUG] receive_response_body.complete
2026-05-27 18:52:39,844 [DEBUG] response_closed.started
2026-05-27 18:52:39,844 [DEBUG] response_closed.complete
2026-05-27 18:52:39,845 [DEBUG] Attempting to acquire lock 1372385832800 on C:\Users\Utente\.cache\huggingface\hub\.locks\models--MilaNLProc--feel-it-italian-emotion\33bf860fe6617aef791cff1de421f4e513a4df3049bfe9fdb7273bf69d444437.lock
2026-05-27 18:52:39,846 [DEBUG] Lock 1372385832800 acquired on C:\Users\Utente\.cache\huggingface\hub\.locks\models--MilaNLProc--feel-it-italian-emotion\33bf860fe6617aef791cff1de421f4e513a4df3049bfe9fdb7273bf69d444437.lock
2026-05-27 18:52:39,954 [DEBUG] receive_response_headers.complete return_value=(b'HTTP/1.1', 302, b'Found', [(b'Content-Type', b'text/plain; charset=utf-8'), (b'Content-Length', b'1355'), (b'Connection', b'keep-alive'), (b'Date', b'Wed, 27 May 2026 16:52:29 GMT'), (b'Location', b'https://cas-bridge.xethub.hf.co/xet-bridge-us/621ffdc036468d709f1769d4/c60a05aad34c4823c3773a5a7665ccd09695e76fbea4b2ad276e9b0d193d111f?X-Amz-Algorithm=AWS4-HMAC-SHA256&X-Amz-Content-Sha256=UNSIGNED-PAYLOAD&X-Amz-Credential=cas%2F20260527%2Fus-east-1%2Fs3%2Faws4_request&X-Amz-Date=20260527T165229Z&X-Amz-Expires=3600&X-Amz-Signature=db4ae05a3047560f7842f2fdf2121af412be4c4d799296359e08815a99d63520&X-Amz-SignedHeaders=host&X-Xet-Cas-Uid=public&response-content-disposition=inline%3B+filename*%3DUTF-8%27%27model.safetensors%3B+filename%3D%22model.safetensors%22%3B&x-amz-checksum-mode=ENABLED&x-id=GetObject&Expires=1779904349&Policy=eyJTdGF0ZW1lbnQiOlt7IkNvbmRpdGlvbiI6eyJEYXRlTGVzc1RoYW4iOnsiQVdTOkVwb2NoVGltZSI6MTc3OTkwNDM0OX19LCJSZXNvdXJjZSI6Imh0dHBzOi8vY2FzLWJyaWRnZS54ZXRodWIuaGYuY28veGV0LWJyaWRnZS11cy82MjFmZmRjMDM2NDY4ZDcwOWYxNzY5ZDQvYzYwYTA1YWFkMzRjNDgyM2MzNzczYTVhNzY2NWNjZDA5Njk1ZTc2ZmJlYTRiMmFkMjc2ZTliMGQxOTNkMTExZioifV19&Signature=TXXOE3w438bbsJyj4Ynbfl9oeuEQ68aALV3EVfnx7Yph1VgQxEmv1DmOxCImrVd0tQ5KNNCVBGOLcwlvtKgnT%7EIXr%7EpX6wSqnOnsZFtXrtO%7E-8woWrS0OCCPnAoD3pp47pMQ2Ok0npH6jo74f34reYUh1blKdbx7nhVOMjfv4AiaZG9%7EcumyP0sj06KJq5FKggxYIOEbKJeia0Xm0y5%7Em4aV2UChJZSbaYQArK2jg%7El2MeOoPxowjWMhEH5IxcaVLEGRt%7E4WbohmUQshubWln7aOwpC7CJ5mH-W7SZSmYdqnaNnwklMDQuaUXZgPOGIOdDBknQd89r96%7EIzUubBuxg__&Key-Pair-Id=K2L8F4GPSG1IFC'), (b'X-Powered-By', b'huggingface-moon'), (b'X-Request-Id', b'Root=1-6a17214d-51334c1b5a97cfb305a5eeb0;e1e4a726-af2d-4112-942f-e2171a385759'), (b'RateLimit', b'"resolvers";r=2974;t=7'), (b'RateLimit-Policy', b'"fixed window";"resolvers";q=3000;w=300'), (b'cross-origin-opener-policy', b'same-origin'), (b'Referrer-Policy', b'strict-origin-when-cross-origin'), (b'Access-Control-Max-Age', b'86400'), (b'Access-Control-Allow-Origin', b'https://huggingface.co'), (b'Vary', b'Origin, Accept'), (b'Access-Control-Expose-Headers', b'X-Repo-Commit,X-Request-Id,X-Error-Code,X-Error-Message,X-Total-Count,ETag,Link,Accept-Ranges,Content-Range,X-Linked-Size,X-Linked-ETag,X-Xet-Hash'), (b'X-Repo-Commit', b'f88635aa03102cec3f46b8946e123abd72aa4cd9'), (b'Accept-Ranges', b'bytes'), (b'X-HF-Warning', b'unauthenticated; Warning: You are sending unauthenticated requests to the HF Hub. Please set a HF_TOKEN to enable higher rate limits and faster downloads.'), (b'X-Hub-Cache', b'MISS'), (b'X-Linked-Size', b'442528456'), (b'X-Linked-ETag', b'"e0bf28294a058176cb9ac719c80f9134d56d9ce956cd83b0136ca4f0e2d43c0c"'), (b'X-Xet-Hash', b'c60a05aad34c4823c3773a5a7665ccd09695e76fbea4b2ad276e9b0d193d111f'), (b'Link', b'<https://huggingface.co/api/models/MilaNLProc/feel-it-italian-emotion/xet-read-token/f88635aa03102cec3f46b8946e123abd72aa4cd9>; rel="xet-auth", <https://cas-server.xethub.hf.co/v1/reconstructions/c60a05aad34c4823c3773a5a7665ccd09695e76fbea4b2ad276e9b0d193d111f>; rel="xet-reconstruction-info"'), (b'X-Cache', b'Miss from cloudfront'), (b'Via', b'1.1 addf8e26116fb53ed08079d757b28bb0.cloudfront.net (CloudFront)'), (b'X-Amz-Cf-Pop', b'MXP63-P7'), (b'X-Amz-Cf-Id', b'sbiqzB-w1PMTkrPiuyQ24x4puWK63AbYSHzud4xfPTA5DDNVIEM07g==')])
2026-05-27 18:52:39,954 [INFO] HTTP Request: HEAD https://huggingface.co/MilaNLProc/feel-it-italian-emotion/resolve/refs%2Fpr%2F1/model.safetensors "HTTP/1.1 302 Found"
2026-05-27 18:52:39,954 [DEBUG] receive_response_body.started request=<Request [b'HEAD']>
2026-05-27 18:52:39,955 [DEBUG] receive_response_body.complete
2026-05-27 18:52:39,955 [DEBUG] response_closed.started
2026-05-27 18:52:39,955 [DEBUG] response_closed.complete
2026-05-27 18:52:39,957 [DEBUG] Attempting to acquire lock 1372386475184 on C:\Users\Utente\.cache\huggingface\hub\.locks\models--MilaNLProc--feel-it-italian-emotion\e0bf28294a058176cb9ac719c80f9134d56d9ce956cd83b0136ca4f0e2d43c0c.lock
2026-05-27 18:52:39,957 [DEBUG] Lock 1372386475184 acquired on C:\Users\Utente\.cache\huggingface\hub\.locks\models--MilaNLProc--feel-it-italian-emotion\e0bf28294a058176cb9ac719c80f9134d56d9ce956cd83b0136ca4f0e2d43c0c.lock
2026-05-27 18:52:39,958 [DEBUG] send_request_headers.started request=<Request [b'GET']>
2026-05-27 18:52:39,958 [DEBUG] send_request_headers.complete
2026-05-27 18:52:39,958 [DEBUG] send_request_body.started request=<Request [b'GET']>
2026-05-27 18:52:39,958 [DEBUG] send_request_body.complete
2026-05-27 18:52:39,958 [DEBUG] receive_response_headers.started request=<Request [b'GET']>
2026-05-27 18:52:40,093 [DEBUG] receive_response_headers.complete return_value=(b'HTTP/1.1', 200, b'OK', [(b'Content-Type', b'application/json; charset=utf-8'), (b'Content-Length', b'430'), (b'Connection', b'keep-alive'), (b'Date', b'Wed, 27 May 2026 16:52:29 GMT'), (b'ETag', b'W/"1ae-qsKKWTNX1e3XzUGpwefieja/VPE"'), (b'X-Powered-By', b'huggingface-moon'), (b'X-Request-Id', b'Root=1-6a17214d-43237a332709cf4579a60834;8937d4f4-1c79-4a2a-b56a-1d45355513f4'), (b'RateLimit', b'"api";r=489;t=7'), (b'RateLimit-Policy', b'"fixed window";"api";q=500;w=300'), (b'cross-origin-opener-policy', b'same-origin'), (b'Referrer-Policy', b'strict-origin-when-cross-origin'), (b'Access-Control-Max-Age', b'86400'), (b'Access-Control-Allow-Origin', b'https://huggingface.co'), (b'Vary', b'Origin'), (b'Access-Control-Expose-Headers', b'X-Repo-Commit,X-Request-Id,X-Error-Code,X-Error-Message,X-Total-Count,ETag,Link,Accept-Ranges,Content-Range,X-Linked-Size,X-Linked-ETag,X-Xet-Hash'), (b'X-Xet-Cas-Url', b'https://cas-server.xethub.hf.co'), (b'X-Xet-Token-Expiration', b'1779901649'), (b'X-Xet-Access-Token', b'eyJhbGciOiJIUzI1NiJ9.eyJyZXBvSWQiOiI2MjFmZmRjMDM2NDY4ZDcwOWYxNzY5ZDQiLCJ1c2VySWQiOiJwdWJsaWMiLCJhY2Nlc3MiOiJSRUFEIiwidXNlUHJpdmF0ZUxpbmsiOmZhbHNlLCJoZkNkblRpZXIiOiJ1bmF1dGhlbnRpY2F0ZWQiLCJyZXBvX3N0b3JhZ2VfdHlwZSI6ImdpdCIsImlhdCI6MTc3OTkwMDc0OSwiZXhwIjoxNzc5OTAxNjQ5LCJpc3MiOiJodHRwczovL2h1Z2dpbmdmYWNlLmNvIn0.JPX4XFJo7GElX0tT-ng0OU3pWIqXMfkd7aBQ1319bjc'), (b'X-Cache', b'Miss from cloudfront'), (b'Via', b'1.1 addf8e26116fb53ed08079d757b28bb0.cloudfront.net (CloudFront)'), (b'X-Amz-Cf-Pop', b'MXP63-P7'), (b'X-Amz-Cf-Id', b'8p1Fp_402eRK-mKP-p1hftinewnsytzQT3H8lbPm4U8ZspaKHBjhMg==')])
2026-05-27 18:52:40,093 [INFO] HTTP Request: GET https://huggingface.co/api/models/MilaNLProc/feel-it-italian-emotion/xet-read-token/f88635aa03102cec3f46b8946e123abd72aa4cd9 "HTTP/1.1 200 OK"
2026-05-27 18:52:40,094 [DEBUG] receive_response_body.started request=<Request [b'GET']>
2026-05-27 18:52:40,094 [DEBUG] receive_response_body.complete
2026-05-27 18:52:40,094 [DEBUG] response_closed.started
2026-05-27 18:52:40,094 [DEBUG] response_closed.complete
2026-05-27 18:52:40,983 [DEBUG] Attempting to release lock 1372385832800 on C:\Users\Utente\.cache\huggingface\hub\.locks\models--MilaNLProc--feel-it-italian-emotion\33bf860fe6617aef791cff1de421f4e513a4df3049bfe9fdb7273bf69d444437.lock
2026-05-27 18:52:40,983 [DEBUG] Lock 1372385832800 released on C:\Users\Utente\.cache\huggingface\hub\.locks\models--MilaNLProc--feel-it-italian-emotion\33bf860fe6617aef791cff1de421f4e513a4df3049bfe9fdb7273bf69d444437.lock
2026-05-27 18:52:40,985 [DEBUG] send_request_headers.started request=<Request [b'HEAD']>
2026-05-27 18:52:40,985 [DEBUG] send_request_headers.complete
2026-05-27 18:52:40,985 [DEBUG] send_request_body.started request=<Request [b'HEAD']>
2026-05-27 18:52:40,985 [DEBUG] send_request_body.complete
2026-05-27 18:52:40,985 [DEBUG] receive_response_headers.started request=<Request [b'HEAD']>
2026-05-27 18:52:41,135 [DEBUG] receive_response_headers.complete return_value=(b'HTTP/1.1', 307, b'Temporary Redirect', [(b'Content-Type', b'text/plain; charset=utf-8'), (b'Content-Length', b'278'), (b'Connection', b'keep-alive'), (b'Date', b'Wed, 27 May 2026 16:52:30 GMT'), (b'Location', b'/api/resolve-cache/models/MilaNLProc/feel-it-italian-emotion/6efdabf62230414aeba764986b4ae317ce7c5c47/tokenizer.json?%2FMilaNLProc%2Ffeel-it-italian-emotion%2Fresolve%2Fmain%2Ftokenizer.json=&etag=%2278ba71b0a37913833276b9f212db0581e71c899c%22'), (b'X-Powered-By', b'huggingface-moon'), (b'X-Request-Id', b'Root=1-6a17214e-7e9121273264735b130d121a;30778d97-336f-45f8-b09c-53065d4d7df3'), (b'RateLimit', b'"resolvers";r=2973;t=6'), (b'RateLimit-Policy', b'"fixed window";"resolvers";q=3000;w=300'), (b'cross-origin-opener-policy', b'same-origin'), (b'Referrer-Policy', b'strict-origin-when-cross-origin'), (b'Access-Control-Max-Age', b'86400'), (b'Access-Control-Allow-Origin', b'https://huggingface.co'), (b'Vary', b'Origin, Accept'), (b'Access-Control-Expose-Headers', b'X-Repo-Commit,X-Request-Id,X-Error-Code,X-Error-Message,X-Total-Count,ETag,Link,Accept-Ranges,Content-Range,X-Linked-Size,X-Linked-ETag,X-Xet-Hash'), (b'X-Repo-Commit', b'6efdabf62230414aeba764986b4ae317ce7c5c47'), (b'Accept-Ranges', b'bytes'), (b'X-Hub-Cache', b'MISS'), (b'Content-Disposition', b'inline; filename*=UTF-8\'\'tokenizer.json; filename="tokenizer.json";'), (b'Content-Security-Policy', b"default-src 'none'; sandbox"), (b'X-Linked-ETag', b'"78ba71b0a37913833276b9f212db0581e71c899c"'), (b'X-Cache', b'Miss from cloudfront'), (b'Via', b'1.1 addf8e26116fb53ed08079d757b28bb0.cloudfront.net (CloudFront)'), (b'X-Amz-Cf-Pop', b'MXP63-P7'), (b'X-Amz-Cf-Id', b'GVbi_wZJXrriL_Ro2UKeIrPauM106g5rXPNpOa6vZi1j-tfElnyLRA==')])
2026-05-27 18:52:41,135 [INFO] HTTP Request: HEAD https://huggingface.co/MilaNLProc/feel-it-italian-emotion/resolve/main/tokenizer.json "HTTP/1.1 307 Temporary Redirect"
2026-05-27 18:52:41,136 [DEBUG] receive_response_body.started request=<Request [b'HEAD']>
2026-05-27 18:52:41,136 [DEBUG] receive_response_body.complete
2026-05-27 18:52:41,136 [DEBUG] response_closed.started
2026-05-27 18:52:41,136 [DEBUG] response_closed.complete
2026-05-27 18:52:41,136 [DEBUG] send_request_headers.started request=<Request [b'HEAD']>
2026-05-27 18:52:41,136 [DEBUG] send_request_headers.complete
2026-05-27 18:52:41,136 [DEBUG] send_request_body.started request=<Request [b'HEAD']>
2026-05-27 18:52:41,136 [DEBUG] send_request_body.complete
2026-05-27 18:52:41,137 [DEBUG] receive_response_headers.started request=<Request [b'HEAD']>
2026-05-27 18:52:41,162 [DEBUG] receive_response_headers.complete return_value=(b'HTTP/1.1', 200, b'OK', [(b'Content-Type', b'text/plain; charset=utf-8'), (b'Content-Length', b'1682192'), (b'Connection', b'keep-alive'), (b'Date', b'Mon, 20 Apr 2026 08:54:55 GMT'), (b'ETag', b'"78ba71b0a37913833276b9f212db0581e71c899c"'), (b'X-Powered-By', b'huggingface-moon'), (b'X-Request-Id', b'Root=1-69e5e9df-102923f77b58df1f60d1bc64;281c9667-6a01-4961-8a1c-47242de19bb7'), (b'RateLimit', b'"resolvers";r=2929;t=211'), (b'RateLimit-Policy', b'"fixed window";"resolvers";q=3000;w=300'), (b'cross-origin-opener-policy', b'same-origin'), (b'Referrer-Policy', b'strict-origin-when-cross-origin'), (b'Access-Control-Max-Age', b'86400'), (b'Access-Control-Allow-Origin', b'https://huggingface.co'), (b'Access-Control-Expose-Headers', b'X-Repo-Commit,X-Request-Id,X-Error-Code,X-Error-Message,X-Total-Count,ETag,Link,Accept-Ranges,Content-Range,X-Linked-Size,X-Linked-ETag,X-Xet-Hash'), (b'X-Repo-Commit', b'6efdabf62230414aeba764986b4ae317ce7c5c47'), (b'Accept-Ranges', b'bytes'), (b'X-Hub-Cache', b'MISS'), (b'Content-Disposition', b'inline; filename*=UTF-8\'\'tokenizer.json; filename="tokenizer.json";'), (b'Content-Security-Policy', b"default-src 'none'; sandbox"), (b'Vary', b'Origin'), (b'X-Cache', b'Hit from cloudfront'), (b'Via', b'1.1 addf8e26116fb53ed08079d757b28bb0.cloudfront.net (CloudFront)'), (b'X-Amz-Cf-Pop', b'MXP63-P7'), (b'X-Amz-Cf-Id', b'Q4NfY7gBh9YCv80zRvmDKcWI0GQLrISb--qtdKlKMubu1H81tZPY-w=='), (b'Age', b'3225455')])
2026-05-27 18:52:41,162 [INFO] HTTP Request: HEAD https://huggingface.co/api/resolve-cache/models/MilaNLProc/feel-it-italian-emotion/6efdabf62230414aeba764986b4ae317ce7c5c47/tokenizer.json "HTTP/1.1 200 OK"
2026-05-27 18:52:41,162 [DEBUG] receive_response_body.started request=<Request [b'HEAD']>
2026-05-27 18:52:41,162 [DEBUG] receive_response_body.complete
2026-05-27 18:52:41,162 [DEBUG] response_closed.started
2026-05-27 18:52:41,162 [DEBUG] response_closed.complete
2026-05-27 18:52:41,164 [DEBUG] Attempting to acquire lock 1372391339216 on C:\Users\Utente\.cache\huggingface\hub\.locks\models--MilaNLProc--feel-it-italian-emotion\78ba71b0a37913833276b9f212db0581e71c899c.lock
2026-05-27 18:52:41,164 [DEBUG] Lock 1372391339216 acquired on C:\Users\Utente\.cache\huggingface\hub\.locks\models--MilaNLProc--feel-it-italian-emotion\78ba71b0a37913833276b9f212db0581e71c899c.lock
2026-05-27 18:52:41,165 [DEBUG] send_request_headers.started request=<Request [b'GET']>
2026-05-27 18:52:41,165 [DEBUG] send_request_headers.complete
2026-05-27 18:52:41,165 [DEBUG] send_request_body.started request=<Request [b'GET']>
2026-05-27 18:52:41,165 [DEBUG] send_request_body.complete
2026-05-27 18:52:41,166 [DEBUG] receive_response_headers.started request=<Request [b'GET']>
2026-05-27 18:52:41,193 [DEBUG] receive_response_headers.complete return_value=(b'HTTP/1.1', 200, b'OK', [(b'Content-Type', b'text/plain; charset=utf-8'), (b'Transfer-Encoding', b'chunked'), (b'Connection', b'keep-alive'), (b'Date', b'Wed, 22 Apr 2026 14:53:20 GMT'), (b'Content-Encoding', b'gzip'), (b'ETag', b'W/"78ba71b0a37913833276b9f212db0581e71c899c"'), (b'X-Powered-By', b'huggingface-moon'), (b'X-Request-Id', b'Root=1-69e8e0e0-04f787ef0a013f514c290ac8;8f2bfacc-565b-4280-a673-49f59280772c'), (b'RateLimit', b'"resolvers";r=2993;t=12'), (b'RateLimit-Policy', b'"fixed window";"resolvers";q=3000;w=300'), (b'cross-origin-opener-policy', b'same-origin'), (b'Referrer-Policy', b'strict-origin-when-cross-origin'), (b'Access-Control-Max-Age', b'86400'), (b'Access-Control-Allow-Origin', b'https://huggingface.co'), (b'Access-Control-Expose-Headers', b'X-Repo-Commit,X-Request-Id,X-Error-Code,X-Error-Message,X-Total-Count,ETag,Link,Accept-Ranges,Content-Range,X-Linked-Size,X-Linked-ETag,X-Xet-Hash'), (b'X-Repo-Commit', b'6efdabf62230414aeba764986b4ae317ce7c5c47'), (b'Content-Security-Policy', b"default-src 'none'; sandbox"), (b'Content-Disposition', b'inline; filename*=UTF-8\'\'tokenizer.json; filename="tokenizer.json";'), (b'Vary', b'Origin,Accept-Encoding'), (b'X-Cache', b'Hit from cloudfront'), (b'Via', b'1.1 addf8e26116fb53ed08079d757b28bb0.cloudfront.net (CloudFront)'), (b'X-Amz-Cf-Pop', b'MXP63-P7'), (b'X-Amz-Cf-Id', b'gBakeRewdJLqGafCqvbCKYi1uQDK6ASTjQNaZcZjvG-6al3gfZn6MQ=='), (b'Age', b'3031150')])
2026-05-27 18:52:41,194 [INFO] HTTP Request: GET https://huggingface.co/api/resolve-cache/models/MilaNLProc/feel-it-italian-emotion/6efdabf62230414aeba764986b4ae317ce7c5c47/tokenizer.json "HTTP/1.1 200 OK"
2026-05-27 18:52:41,194 [DEBUG] receive_response_body.started request=<Request [b'GET']>
2026-05-27 18:52:41,285 [DEBUG] receive_response_body.complete
2026-05-27 18:52:41,285 [DEBUG] response_closed.started
2026-05-27 18:52:41,285 [DEBUG] response_closed.complete
2026-05-27 18:52:41,288 [DEBUG] Attempting to release lock 1372391339216 on C:\Users\Utente\.cache\huggingface\hub\.locks\models--MilaNLProc--feel-it-italian-emotion\78ba71b0a37913833276b9f212db0581e71c899c.lock
2026-05-27 18:52:41,288 [DEBUG] Lock 1372391339216 released on C:\Users\Utente\.cache\huggingface\hub\.locks\models--MilaNLProc--feel-it-italian-emotion\78ba71b0a37913833276b9f212db0581e71c899c.lock
2026-05-27 18:52:41,289 [DEBUG] send_request_headers.started request=<Request [b'HEAD']>
2026-05-27 18:52:41,289 [DEBUG] send_request_headers.complete
2026-05-27 18:52:41,290 [DEBUG] send_request_body.started request=<Request [b'HEAD']>
2026-05-27 18:52:41,290 [DEBUG] send_request_body.complete
2026-05-27 18:52:41,290 [DEBUG] receive_response_headers.started request=<Request [b'HEAD']>
2026-05-27 18:52:41,431 [DEBUG] receive_response_headers.complete return_value=(b'HTTP/1.1', 404, b'Not Found', [(b'Content-Type', b'text/plain; charset=utf-8'), (b'Content-Length', b'15'), (b'Connection', b'keep-alive'), (b'Date', b'Wed, 27 May 2026 16:52:31 GMT'), (b'ETag', b'W/"f-mY2VvLxuxB7KhsoOdQTlMTccuAQ"'), (b'X-Powered-By', b'huggingface-moon'), (b'X-Request-Id', b'Root=1-6a17214e-36dc097f7c32293e109ddedd;bde118c6-7558-4e3a-959b-bc3fc2f74852'), (b'RateLimit', b'"resolvers";r=2972;t=5'), (b'RateLimit-Policy', b'"fixed window";"resolvers";q=3000;w=300'), (b'cross-origin-opener-policy', b'same-origin'), (b'Referrer-Policy', b'strict-origin-when-cross-origin'), (b'Access-Control-Max-Age', b'86400'), (b'Access-Control-Allow-Origin', b'https://huggingface.co'), (b'Vary', b'Origin'), (b'Access-Control-Expose-Headers', b'X-Repo-Commit,X-Request-Id,X-Error-Code,X-Error-Message,X-Total-Count,ETag,Link,Accept-Ranges,Content-Range,X-Linked-Size,X-Linked-ETag,X-Xet-Hash'), (b'X-Repo-Commit', b'6efdabf62230414aeba764986b4ae317ce7c5c47'), (b'Accept-Ranges', b'bytes'), (b'X-HF-Warning', b'unauthenticated; Warning: You are sending unauthenticated requests to the HF Hub. Please set a HF_TOKEN to enable higher rate limits and faster downloads.'), (b'X-Hub-Cache', b'MISS'), (b'X-Error-Code', b'EntryNotFound'), (b'X-Error-Message', b'Entry not found'), (b'X-Cache', b'Error from cloudfront'), (b'Via', b'1.1 addf8e26116fb53ed08079d757b28bb0.cloudfront.net (CloudFront)'), (b'X-Amz-Cf-Pop', b'MXP63-P7'), (b'X-Amz-Cf-Id', b'ssP2wPEvo9eLP040prCwt_MzMwTxngGQMPK8_EoCgXZd58hVeBHIdg==')])
2026-05-27 18:52:41,431 [INFO] HTTP Request: HEAD https://huggingface.co/MilaNLProc/feel-it-italian-emotion/resolve/main/added_tokens.json "HTTP/1.1 404 Not Found"
2026-05-27 18:52:41,431 [DEBUG] receive_response_body.started request=<Request [b'HEAD']>
2026-05-27 18:52:41,431 [DEBUG] receive_response_body.complete
2026-05-27 18:52:41,431 [DEBUG] response_closed.started
2026-05-27 18:52:41,432 [DEBUG] response_closed.complete
2026-05-27 18:52:41,434 [DEBUG] send_request_headers.started request=<Request [b'HEAD']>
2026-05-27 18:52:41,435 [DEBUG] send_request_headers.complete
2026-05-27 18:52:41,435 [DEBUG] send_request_body.started request=<Request [b'HEAD']>
2026-05-27 18:52:41,435 [DEBUG] send_request_body.complete
2026-05-27 18:52:41,435 [DEBUG] receive_response_headers.started request=<Request [b'HEAD']>
2026-05-27 18:52:41,572 [DEBUG] receive_response_headers.complete return_value=(b'HTTP/1.1', 307, b'Temporary Redirect', [(b'Content-Type', b'text/plain; charset=utf-8'), (b'Content-Length', b'296'), (b'Connection', b'keep-alive'), (b'Date', b'Wed, 27 May 2026 16:52:31 GMT'), (b'Location', b'/api/resolve-cache/models/MilaNLProc/feel-it-italian-emotion/6efdabf62230414aeba764986b4ae317ce7c5c47/special_tokens_map.json?%2FMilaNLProc%2Ffeel-it-italian-emotion%2Fresolve%2Fmain%2Fspecial_tokens_map.json=&etag=%227591c62e29e450ecea30cc938904411e7db1d571%22'), (b'X-Powered-By', b'huggingface-moon'), (b'X-Request-Id', b'Root=1-6a17214f-689bb95706eda9a77e0d53ec;39ccf5ad-d04f-4bfd-937a-12aa6bfd9c7b'), (b'RateLimit', b'"resolvers";r=2971;t=5'), (b'RateLimit-Policy', b'"fixed window";"resolvers";q=3000;w=300'), (b'cross-origin-opener-policy', b'same-origin'), (b'Referrer-Policy', b'strict-origin-when-cross-origin'), (b'Access-Control-Max-Age', b'86400'), (b'Access-Control-Allow-Origin', b'https://huggingface.co'), (b'Vary', b'Origin, Accept'), (b'Access-Control-Expose-Headers', b'X-Repo-Commit,X-Request-Id,X-Error-Code,X-Error-Message,X-Total-Count,ETag,Link,Accept-Ranges,Content-Range,X-Linked-Size,X-Linked-ETag,X-Xet-Hash'), (b'X-Repo-Commit', b'6efdabf62230414aeba764986b4ae317ce7c5c47'), (b'Accept-Ranges', b'bytes'), (b'X-HF-Warning', b'unauthenticated; Warning: You are sending unauthenticated requests to the HF Hub. Please set a HF_TOKEN to enable higher rate limits and faster downloads.'), (b'X-Hub-Cache', b'MISS'), (b'Content-Disposition', b'inline; filename*=UTF-8\'\'special_tokens_map.json; filename="special_tokens_map.json";'), (b'Content-Security-Policy', b"default-src 'none'; sandbox"), (b'X-Linked-ETag', b'"7591c62e29e450ecea30cc938904411e7db1d571"'), (b'X-Cache', b'Miss from cloudfront'), (b'Via', b'1.1 addf8e26116fb53ed08079d757b28bb0.cloudfront.net (CloudFront)'), (b'X-Amz-Cf-Pop', b'MXP63-P7'), (b'X-Amz-Cf-Id', b'ClrnpTeGrB28nK-NUkkBgOyKiN7P_o-I3NYWENwr7lcarpVE9JeIxA==')])
2026-05-27 18:52:41,572 [INFO] HTTP Request: HEAD https://huggingface.co/MilaNLProc/feel-it-italian-emotion/resolve/main/special_tokens_map.json "HTTP/1.1 307 Temporary Redirect"
2026-05-27 18:52:41,573 [DEBUG] receive_response_body.started request=<Request [b'HEAD']>
2026-05-27 18:52:41,573 [DEBUG] receive_response_body.complete
2026-05-27 18:52:41,573 [DEBUG] response_closed.started
2026-05-27 18:52:41,573 [DEBUG] response_closed.complete
2026-05-27 18:52:41,574 [DEBUG] send_request_headers.started request=<Request [b'HEAD']>
2026-05-27 18:52:41,574 [DEBUG] send_request_headers.complete
2026-05-27 18:52:41,574 [DEBUG] send_request_body.started request=<Request [b'HEAD']>
2026-05-27 18:52:41,574 [DEBUG] send_request_body.complete
2026-05-27 18:52:41,575 [DEBUG] receive_response_headers.started request=<Request [b'HEAD']>
2026-05-27 18:52:41,600 [DEBUG] receive_response_headers.complete return_value=(b'HTTP/1.1', 200, b'OK', [(b'Content-Type', b'text/plain; charset=utf-8'), (b'Content-Length', b'299'), (b'Connection', b'keep-alive'), (b'Date', b'Mon, 20 Apr 2026 08:54:56 GMT'), (b'ETag', b'"7591c62e29e450ecea30cc938904411e7db1d571"'), (b'X-Powered-By', b'huggingface-moon'), (b'X-Request-Id', b'Root=1-69e5e9e0-7ecd74257f9891d219cbc014;e9b04394-5e13-425a-be7e-dc78c836a9e3'), (b'RateLimit', b'"resolvers";r=2925;t=210'), (b'RateLimit-Policy', b'"fixed window";"resolvers";q=3000;w=300'), (b'cross-origin-opener-policy', b'same-origin'), (b'Referrer-Policy', b'strict-origin-when-cross-origin'), (b'Access-Control-Max-Age', b'86400'), (b'Access-Control-Allow-Origin', b'https://huggingface.co'), (b'Access-Control-Expose-Headers', b'X-Repo-Commit,X-Request-Id,X-Error-Code,X-Error-Message,X-Total-Count,ETag,Link,Accept-Ranges,Content-Range,X-Linked-Size,X-Linked-ETag,X-Xet-Hash'), (b'X-Repo-Commit', b'6efdabf62230414aeba764986b4ae317ce7c5c47'), (b'Accept-Ranges', b'bytes'), (b'X-Hub-Cache', b'MISS'), (b'Content-Disposition', b'inline; filename*=UTF-8\'\'special_tokens_map.json; filename="special_tokens_map.json";'), (b'Content-Security-Policy', b"default-src 'none'; sandbox"), (b'Vary', b'Origin'), (b'X-Cache', b'Hit from cloudfront'), (b'Via', b'1.1 addf8e26116fb53ed08079d757b28bb0.cloudfront.net (CloudFront)'), (b'X-Amz-Cf-Pop', b'MXP63-P7'), (b'X-Amz-Cf-Id', b'GgwQoJh3QufdY4lsL8MqtelFRa_PtIoM-B87XucW-WHKL_hCu8tBjA=='), (b'Age', b'3225455')])
2026-05-27 18:52:41,600 [INFO] HTTP Request: HEAD https://huggingface.co/api/resolve-cache/models/MilaNLProc/feel-it-italian-emotion/6efdabf62230414aeba764986b4ae317ce7c5c47/special_tokens_map.json "HTTP/1.1 200 OK"
2026-05-27 18:52:41,601 [DEBUG] receive_response_body.started request=<Request [b'HEAD']>
2026-05-27 18:52:41,601 [DEBUG] receive_response_body.complete
2026-05-27 18:52:41,601 [DEBUG] response_closed.started
2026-05-27 18:52:41,601 [DEBUG] response_closed.complete
2026-05-27 18:52:41,602 [DEBUG] Attempting to acquire lock 1372391341184 on C:\Users\Utente\.cache\huggingface\hub\.locks\models--MilaNLProc--feel-it-italian-emotion\7591c62e29e450ecea30cc938904411e7db1d571.lock
2026-05-27 18:52:41,603 [DEBUG] Lock 1372391341184 acquired on C:\Users\Utente\.cache\huggingface\hub\.locks\models--MilaNLProc--feel-it-italian-emotion\7591c62e29e450ecea30cc938904411e7db1d571.lock
2026-05-27 18:52:41,603 [DEBUG] send_request_headers.started request=<Request [b'GET']>
2026-05-27 18:52:41,604 [DEBUG] send_request_headers.complete
2026-05-27 18:52:41,604 [DEBUG] send_request_body.started request=<Request [b'GET']>
2026-05-27 18:52:41,604 [DEBUG] send_request_body.complete
2026-05-27 18:52:41,604 [DEBUG] receive_response_headers.started request=<Request [b'GET']>
2026-05-27 18:52:41,628 [DEBUG] receive_response_headers.complete return_value=(b'HTTP/1.1', 200, b'OK', [(b'Content-Type', b'text/plain; charset=utf-8'), (b'Content-Length', b'299'), (b'Connection', b'keep-alive'), (b'Date', b'Mon, 20 Apr 2026 08:54:56 GMT'), (b'ETag', b'"7591c62e29e450ecea30cc938904411e7db1d571"'), (b'X-Powered-By', b'huggingface-moon'), (b'X-Request-Id', b'Root=1-69e5e9e0-66f4bcb872c88ed6406dffdd;63ee908d-781d-4796-848c-5fff5081c76e'), (b'RateLimit', b'"resolvers";r=2924;t=210'), (b'RateLimit-Policy', b'"fixed window";"resolvers";q=3000;w=300'), (b'cross-origin-opener-policy', b'same-origin'), (b'Referrer-Policy', b'strict-origin-when-cross-origin'), (b'Access-Control-Max-Age', b'86400'), (b'Access-Control-Allow-Origin', b'https://huggingface.co'), (b'Access-Control-Expose-Headers', b'X-Repo-Commit,X-Request-Id,X-Error-Code,X-Error-Message,X-Total-Count,ETag,Link,Accept-Ranges,Content-Range,X-Linked-Size,X-Linked-ETag,X-Xet-Hash'), (b'X-Repo-Commit', b'6efdabf62230414aeba764986b4ae317ce7c5c47'), (b'Accept-Ranges', b'bytes'), (b'Content-Disposition', b'inline; filename*=UTF-8\'\'special_tokens_map.json; filename="special_tokens_map.json";'), (b'Content-Security-Policy', b"default-src 'none'; sandbox"), (b'Vary', b'Origin'), (b'X-Cache', b'Hit from cloudfront'), (b'Via', b'1.1 addf8e26116fb53ed08079d757b28bb0.cloudfront.net (CloudFront)'), (b'X-Amz-Cf-Pop', b'MXP63-P7'), (b'X-Amz-Cf-Id', b'dmWGq2KUz38hm77AAq55X1ykDTY8IZl2hTlK-U6lmb9QLHwlvnjm2Q=='), (b'Age', b'3225455')])
2026-05-27 18:52:41,628 [INFO] HTTP Request: GET https://huggingface.co/api/resolve-cache/models/MilaNLProc/feel-it-italian-emotion/6efdabf62230414aeba764986b4ae317ce7c5c47/special_tokens_map.json "HTTP/1.1 200 OK"
2026-05-27 18:52:41,629 [DEBUG] receive_response_body.started request=<Request [b'GET']>
2026-05-27 18:52:41,629 [DEBUG] receive_response_body.complete
2026-05-27 18:52:41,629 [DEBUG] response_closed.started
2026-05-27 18:52:41,629 [DEBUG] response_closed.complete
2026-05-27 18:52:41,631 [DEBUG] Attempting to release lock 1372391341184 on C:\Users\Utente\.cache\huggingface\hub\.locks\models--MilaNLProc--feel-it-italian-emotion\7591c62e29e450ecea30cc938904411e7db1d571.lock
2026-05-27 18:52:41,632 [DEBUG] Lock 1372391341184 released on C:\Users\Utente\.cache\huggingface\hub\.locks\models--MilaNLProc--feel-it-italian-emotion\7591c62e29e450ecea30cc938904411e7db1d571.lock
2026-05-27 18:52:41,633 [DEBUG] send_request_headers.started request=<Request [b'HEAD']>
2026-05-27 18:52:41,633 [DEBUG] send_request_headers.complete
2026-05-27 18:52:41,633 [DEBUG] send_request_body.started request=<Request [b'HEAD']>
2026-05-27 18:52:41,633 [DEBUG] send_request_body.complete
2026-05-27 18:52:41,633 [DEBUG] receive_response_headers.started request=<Request [b'HEAD']>
2026-05-27 18:52:41,789 [DEBUG] receive_response_headers.complete return_value=(b'HTTP/1.1', 404, b'Not Found', [(b'Content-Type', b'text/plain; charset=utf-8'), (b'Content-Length', b'15'), (b'Connection', b'keep-alive'), (b'Date', b'Wed, 27 May 2026 16:52:31 GMT'), (b'ETag', b'W/"f-mY2VvLxuxB7KhsoOdQTlMTccuAQ"'), (b'X-Powered-By', b'huggingface-moon'), (b'X-Request-Id', b'Root=1-6a17214f-24e075cf32c950ef5f336052;2c5fd42d-6569-4996-915e-e508c8690e24'), (b'RateLimit', b'"resolvers";r=2970;t=5'), (b'RateLimit-Policy', b'"fixed window";"resolvers";q=3000;w=300'), (b'cross-origin-opener-policy', b'same-origin'), (b'Referrer-Policy', b'strict-origin-when-cross-origin'), (b'Access-Control-Max-Age', b'86400'), (b'Access-Control-Allow-Origin', b'https://huggingface.co'), (b'Vary', b'Origin'), (b'Access-Control-Expose-Headers', b'X-Repo-Commit,X-Request-Id,X-Error-Code,X-Error-Message,X-Total-Count,ETag,Link,Accept-Ranges,Content-Range,X-Linked-Size,X-Linked-ETag,X-Xet-Hash'), (b'X-Repo-Commit', b'6efdabf62230414aeba764986b4ae317ce7c5c47'), (b'Accept-Ranges', b'bytes'), (b'X-Hub-Cache', b'MISS'), (b'X-Error-Code', b'EntryNotFound'), (b'X-Error-Message', b'Entry not found'), (b'X-Cache', b'Error from cloudfront'), (b'Via', b'1.1 addf8e26116fb53ed08079d757b28bb0.cloudfront.net (CloudFront)'), (b'X-Amz-Cf-Pop', b'MXP63-P7'), (b'X-Amz-Cf-Id', b'lUbvHHJ5PFVPNpDTTl__xyOCuvmBEmMK8gCjRM8HpYjAJWrU_I0T-w==')])
2026-05-27 18:52:41,789 [INFO] HTTP Request: HEAD https://huggingface.co/MilaNLProc/feel-it-italian-emotion/resolve/main/chat_template.jinja "HTTP/1.1 404 Not Found"
2026-05-27 18:52:41,789 [DEBUG] receive_response_body.started request=<Request [b'HEAD']>
2026-05-27 18:52:41,789 [DEBUG] receive_response_body.complete
2026-05-27 18:52:41,789 [DEBUG] response_closed.started
2026-05-27 18:52:41,789 [DEBUG] response_closed.complete
2026-05-27 18:52:41,880 [ERROR] Unable to comunicato w/ frontend
Traceback (most recent call last):
  File "C:\Users\Utente\Documents\GitHub\Second-Mind\app\core\load_model.py", line 22, in <module>
    emotion_model = pipeline("text-classification", model="MilaNLProc/feel-it-italian-emotion")
                    ^^^^^^^^^^^^^^^^^^^^^^^^^^^^^^^^^^^^^^^^^^^^^^^^^^^^^^^^^^^^^^^^^^^^^^^^^^^
  File "C:\Users\Utente\Documents\GitHub\Second-Mind\.env\Lib\site-packages\transformers\pipelines\__init__.py", line 1021, in pipeline
    tokenizer = _resolve_tokenizer(
                ^^^^^^^^^^^^^^^^^^^
  File "C:\Users\Utente\Documents\GitHub\Second-Mind\.env\Lib\site-packages\transformers\pipelines\__init__.py", line 514, in _resolve_tokenizer
    return _load_pipeline_component(load_tokenizer, tokenizer, load)
           ^^^^^^^^^^^^^^^^^^^^^^^^^^^^^^^^^^^^^^^^^^^^^^^^^^^^^^^^^
  File "C:\Users\Utente\Documents\GitHub\Second-Mind\.env\Lib\site-packages\transformers\pipelines\__init__.py", line 446, in _load_pipeline_component
    return loader(component)
           ^^^^^^^^^^^^^^^^^
  File "C:\Users\Utente\Documents\GitHub\Second-Mind\.env\Lib\site-packages\transformers\pipelines\__init__.py", line 506, in load
    return AutoTokenizer.from_pretrained(
           ^^^^^^^^^^^^^^^^^^^^^^^^^^^^^^
  File "C:\Users\Utente\Documents\GitHub\Second-Mind\.env\Lib\site-packages\transformers\models\auto\tokenization_auto.py", line 837, in from_pretrained
    return tokenizer_class.from_pretrained(pretrained_model_name_or_path, *inputs, **kwargs)
           ^^^^^^^^^^^^^^^^^^^^^^^^^^^^^^^^^^^^^^^^^^^^^^^^^^^^^^^^^^^^^^^^^^^^^^^^^^^^^^^^^
  File "C:\Users\Utente\Documents\GitHub\Second-Mind\.env\Lib\site-packages\transformers\tokenization_utils_base.py", line 1743, in from_pretrained
    return cls._from_pretrained(
           ^^^^^^^^^^^^^^^^^^^^^
  File "C:\Users\Utente\Documents\GitHub\Second-Mind\.env\Lib\site-packages\transformers\tokenization_utils_base.py", line 1933, in _from_pretrained
    tokenizer = cls(*init_inputs, **init_kwargs)
                ^^^^^^^^^^^^^^^^^^^^^^^^^^^^^^^^
  File "C:\Users\Utente\Documents\GitHub\Second-Mind\.env\Lib\site-packages\transformers\models\camembert\tokenization_camembert.py", line 118, in __init__
    unk_index = next((i for i, (tok, _) in enumerate(self._vocab) if tok == str(unk_token)), 0)
                ^^^^^^^^^^^^^^^^^^^^^^^^^^^^^^^^^^^^^^^^^^^^^^^^^^^^^^^^^^^^^^^^^^^^^^^^^^^^^^^
  File "C:\Users\Utente\Documents\GitHub\Second-Mind\.env\Lib\site-packages\transformers\models\camembert\tokenization_camembert.py", line 118, in <genexpr>
    unk_index = next((i for i, (tok, _) in enumerate(self._vocab) if tok == str(unk_token)), 0)
                               ^^^^^^^^
ValueError: too many values to unpack (expected 2)
2026-05-27 18:52:44,340 [DEBUG] Attempting to release lock 1372386475184 on C:\Users\Utente\.cache\huggingface\hub\.locks\models--MilaNLProc--feel-it-italian-emotion\e0bf28294a058176cb9ac719c80f9134d56d9ce956cd83b0136ca4f0e2d43c0c.lock
2026-05-27 18:52:44,341 [DEBUG] Lock 1372386475184 released on C:\Users\Utente\.cache\huggingface\hub\.locks\models--MilaNLProc--feel-it-italian-emotion\e0bf28294a058176cb9ac719c80f9134d56d9ce956cd83b0136ca4f0e2d43c0c.lock
2026-05-27 18:52:44,352 [DEBUG] close.started
2026-05-27 18:52:44,353 [DEBUG] close.complete
2026-05-27 18:52:44,353 [DEBUG] close.started
2026-05-27 18:52:44,353 [DEBUG] close.complete
